indice_llamada,etapa,forma_tensor,metrica,n,media,mediana,desviacion,p95,minimo,maximo
0,conv2d,1x3x224x224,tiempo_ms,120,13.087745725,12.549159499999998,1.5728091452558708,14.90783,11.957622,21.034066
1,batchnorm,1x32x112x112,tiempo_ms,120,0.4487124,0.433466,0.06226905740986132,0.5423338999999999,0.39009,0.780997
2,activacion,1x32x112x112,tiempo_ms,120,0.6843913916666666,0.6704405,0.0561646235245286,0.7687927999999999,0.610846,1.054818
3,depthwise_conv,1x32x112x112,tiempo_ms,120,4.2403932,4.040618,0.6455576907555125,5.0519377,3.803681,8.993917
4,batchnorm,1x32x112x112,tiempo_ms,120,2.4189827416666665,2.366863,0.16303582085631993,2.7197791999999996,2.195356,3.35765
5,activacion,1x32x112x112,tiempo_ms,120,0.780899025,0.758163,0.0669294134245349,0.8883514499999999,0.705133,1.194792
6,pointwise_conv,1x32x112x112,tiempo_ms,120,3.9227897333333335,3.6721055,0.7795156415856804,5.3317536500000005,3.397904,8.564874
7,batchnorm,1x16x112x112,tiempo_ms,120,0.2064693,0.1984555,0.028413810520220472,0.2763566499999999,0.172499,0.336174
8,pointwise_conv,1x16x112x112,tiempo_ms,120,11.806533533333333,11.3797165,1.4829269174429125,14.6769456,10.480816,22.826732
9,batchnorm,1x96x112x112,tiempo_ms,120,1.3795671333333333,1.3115345,0.20147255168392664,1.8998622,1.193392,2.151232
10,activacion,1x96x112x112,tiempo_ms,120,3.548968675,3.4664855,0.2790783778387268,3.9610914999999998,3.312927,5.281226
11,depthwise_conv,1x96x112x112,tiempo_ms,120,3.2436645333333334,3.1518615,0.4309739649048973,3.61719725,2.890344,7.310978
12,batchnorm,1x96x56x56,tiempo_ms,120,0.30679531666666665,0.29494750000000003,0.03980795398688017,0.3584728999999999,0.273304,0.545146
13,activacion,1x96x56x56,tiempo_ms,120,1.045263775,1.0284735,0.084411297000472,1.13906975,0.93067,1.639302
14,pointwise_conv,1x96x56x56,tiempo_ms,120,4.296812066666667,4.063937,0.8711724576485071,5.4147118999999995,3.833982,10.06364
15,batchnorm,1x24x56x56,tiempo_ms,120,0.07251785833333334,0.068941,0.014593484156873051,0.09179624999999998,0.060399,0.167545
16,pointwise_conv,1x24x56x56,tiempo_ms,120,6.446201033333334,6.1489385,0.9959823539352166,7.28535235,5.747697,14.709353
17,batchnorm,1x144x56x56,tiempo_ms,120,0.47716031666666664,0.454992,0.07485953930388321,0.5989600999999998,0.405617,0.916628
18,activacion,1x144x56x56,tiempo_ms,120,1.3163294583333334,1.2916474999999998,0.08640263210080946,1.46263445,1.208329,1.806446
19,depthwise_conv,1x144x56x56,tiempo_ms,120,4.707540666666667,4.540876000000001,0.4533510856484491,5.58702755,4.241794,7.310147
20,batchnorm,1x144x56x56,tiempo_ms,120,0.46975375,0.452029,0.06750955051131281,0.6473811,0.388171,0.747662
21,activacion,1x144x56x56,tiempo_ms,120,1.6627520916666667,1.6300875000000001,0.09903851929400757,1.83969225,1.491796,2.11361
22,pointwise_conv,1x144x56x56,tiempo_ms,120,6.417504508333334,6.107479,0.9078616824013105,8.32513235,5.595822,11.265843
23,batchnorm,1x24x56x56,tiempo_ms,120,0.07319846666666667,0.0695475,0.011530880895845454,0.09918229999999999,0.060652,0.125251
24,layer_add,1x24x56x56,tiempo_ms,120,0.0518394,0.045815999999999996,0.029666795160285732,0.07165809999999999,0.041248,0.346486
25,pointwise_conv,1x24x56x56,tiempo_ms,120,6.396025958333333,6.1349285,0.7614713273129667,7.47818585,5.763498,10.924745
26,batchnorm,1x144x56x56,tiempo_ms,120,0.47492914166666667,0.4518515,0.07369292466639742,0.60999245,0.394848,0.857466
27,activacion,1x144x56x56,tiempo_ms,120,1.579678875,1.550821,0.0953277493941154,1.7514002499999999,1.434938,1.96534
28,depthwise_conv,1x144x56x56,tiempo_ms,120,1.20513995,1.1689379999999998,0.1418835756046147,1.4014031,1.084956,2.260763
29,batchnorm,1x144x28x28,tiempo_ms,120,0.10794416666666666,0.102451,0.01851047735531336,0.13522295,0.093167,0.243304
30,activacion,1x144x28x28,tiempo_ms,120,0.36387335,0.355883,0.0247663771998967,0.39899019999999996,0.33088,0.471169
31,pointwise_conv,1x144x28x28,tiempo_ms,120,2.121981175,2.0265775,0.3378420740695886,2.6273713499999998,1.91269,4.245661
32,batchnorm,1x32x28x28,tiempo_ms,120,0.024669075,0.0221735,0.0061483984840523705,0.037025749999999996,0.020471,0.055114
33,pointwise_conv,1x32x28x28,tiempo_ms,120,2.858208325,2.7284610000000002,0.37583994884885324,3.46002345,2.575304,5.145965
34,batchnorm,1x192x28x28,tiempo_ms,120,0.1491946,0.1413595,0.036053857850991425,0.18008714999999995,0.120988,0.456867
35,activacion,1x192x28x28,tiempo_ms,120,0.39321422500000003,0.3854735,0.033027286134133464,0.44207955,0.348183,0.607677
36,depthwise_conv,1x192x28x28,tiempo_ms,120,1.5663045333333334,1.528497,0.11950031331170441,1.7771449,1.443878,2.207538
37,batchnorm,1x192x28x28,tiempo_ms,120,0.14409490833333333,0.13698149999999998,0.02605180651875578,0.1704546,0.123948,0.314269
38,activacion,1x192x28x28,tiempo_ms,120,0.5490573916666667,0.5435505,0.02947380562759141,0.6018719,0.500225,0.652185
39,pointwise_conv,1x192x28x28,tiempo_ms,120,2.759354975,2.6887749999999997,0.2142775367760963,3.17693885,2.545867,3.888549
40,batchnorm,1x32x28x28,tiempo_ms,120,0.023862466666666665,0.021795500000000002,0.0060769108678964965,0.03293124999999999,0.02054,0.06639
41,layer_add,1x32x28x28,tiempo_ms,120,0.015065866666666667,0.013794500000000001,0.0053003261148017395,0.022888549999999987,0.011034,0.04361
42,pointwise_conv,1x32x28x28,tiempo_ms,120,2.79195325,2.719125,0.19999158655838162,3.1604776,2.586046,3.881092
43,batchnorm,1x192x28x28,tiempo_ms,120,0.14414429166666667,0.141185,0.02124529599873533,0.18352895,0.119741,0.252327
44,activacion,1x192x28x28,tiempo_ms,120,0.4530773166666667,0.44624050000000004,0.030019634051812856,0.503847,0.404301,0.576011
45,depthwise_conv,1x192x28x28,tiempo_ms,120,1.5527977416666667,1.5130835,0.15721213761321323,1.6997486499999999,1.434049,2.961597
46,batchnorm,1x192x28x28,tiempo_ms,120,0.139322425,0.13521650000000002,0.01723236999490745,0.1631811,0.11947,0.248067
47,activacion,1x192x28x28,tiempo_ms,120,0.527415325,0.517166,0.02944822212726114,0.5852250999999999,0.484189,0.610131
48,pointwise_conv,1x192x28x28,tiempo_ms,120,2.7825108666666667,2.680307,0.2944462347180937,3.16844545,2.54414,4.549608
49,batchnorm,1x32x28x28,tiempo_ms,120,0.023719225,0.022086,0.004227215941114805,0.032522449999999994,0.020283,0.045589
50,layer_add,1x32x28x28,tiempo_ms,120,0.01458795,0.013804,0.004428796670322405,0.02067035,0.010453,0.046249
51,pointwise_conv,1x32x28x28,tiempo_ms,120,2.8064881583333334,2.732785,0.3225690067359829,3.17519205,2.520286,5.543759
52,batchnorm,1x192x28x28,tiempo_ms,120,0.148482475,0.1423215,0.03266278365639162,0.18725914999999996,0.120342,0.41127
53,activacion,1x192x28x28,tiempo_ms,120,0.506455175,0.5003285,0.033907099529923566,0.5700385,0.453795,0.681886
54,depthwise_conv,1x192x28x28,tiempo_ms,120,0.4045488,0.389017,0.05889477046744851,0.47818349999999993,0.356585,0.771206
55,batchnorm,1x192x14x14,tiempo_ms,120,0.03789495833333333,0.035115,0.011868013932235178,0.04699024999999999,0.032231,0.153452
56,activacion,1x192x14x14,tiempo_ms,120,0.10235226666666666,0.09958349999999999,0.008810576254995928,0.11608924999999999,0.091623,0.149352
57,pointwise_conv,1x192x14x14,tiempo_ms,120,1.4314213583333333,1.3843915,0.1733307645751759,1.7146693499999999,1.281382,2.439711
58,batchnorm,1x64x14x14,tiempo_ms,120,0.012326525,0.011681,0.001786654829104196,0.015876399999999995,0.010802,0.020035
59,pointwise_conv,1x64x14x14,tiempo_ms,120,2.871129425,2.7756745,0.344327249586142,3.2539841,2.583155,5.574962
60,batchnorm,1x384x14x14,tiempo_ms,120,0.076810525,0.0722435,0.015447804049953388,0.10514784999999999,0.064989,0.165716
61,activacion,1x384x14x14,tiempo_ms,120,0.20101505833333333,0.19641150000000002,0.014949407779673254,0.22520165,0.181885,0.290526
62,depthwise_conv,1x384x14x14,tiempo_ms,120,0.8049748,0.7834365,0.08497820935769555,0.89742045,0.73168,1.525542
63,batchnorm,1x384x14x14,tiempo_ms,120,0.07342843333333333,0.068897,0.02196701663886849,0.08570844999999999,0.064241,0.293246
64,activacion,1x384x14x14,tiempo_ms,120,0.278336725,0.274304,0.017549436864705295,0.30789565,0.255747,0.384439
65,pointwise_conv,1x384x14x14,tiempo_ms,120,2.841995266666667,2.7557165,0.3294465275505085,3.2008118,2.602626,5.839633
66,batchnorm,1x64x14x14,tiempo_ms,120,0.013247516666666667,0.0116375,0.00530674384328161,0.024319399999999998,0.010577,0.046757
67,layer_add,1x64x14x14,tiempo_ms,120,0.007025808333333334,0.0068705,0.0012327287235285487,0.00934645,0.005423,0.012363
68,pointwise_conv,1x64x14x14,tiempo_ms,120,2.9186284583333335,2.7937265,0.38775057502781557,3.4480877499999996,2.626824,5.806745
69,batchnorm,1x384x14x14,tiempo_ms,120,0.07800514166666667,0.07132949999999999,0.023943576262895082,0.11792635,0.062042,0.276802
70,activacion,1x384x14x14,tiempo_ms,120,0.25383315,0.247361,0.027267300911885794,0.3044384499999999,0.223405,0.37882
71,depthwise_conv,1x384x14x14,tiempo_ms,120,0.8180379833333333,0.785232,0.1220654421955136,0.9978665,0.730019,1.650606
72,batchnorm,1x384x14x14,tiempo_ms,120,0.105779475,0.100867,0.01707090361752117,0.14222834999999998,0.092277,0.194414
73,activacion,1x384x14x14,tiempo_ms,120,0.262986975,0.25717999999999996,0.02081258058190674,0.2964793,0.239808,0.354292
74,pointwise_conv,1x384x14x14,tiempo_ms,120,2.965540225,2.8075764999999997,0.5126716397654605,3.7488115499999997,2.614928,6.3742
75,batchnorm,1x64x14x14,tiempo_ms,120,0.012909075,0.011932,0.00326666483520857,0.017115299999999996,0.010465,0.036489
76,layer_add,1x64x14x14,tiempo_ms,120,0.008006575,0.0076925,0.0025380615102124394,0.010999450000000001,0.005742,0.027148
77,pointwise_conv,1x64x14x14,tiempo_ms,120,2.9498827666666667,2.821901,0.45679946468444504,3.44173335,2.643939,6.21074
78,batchnorm,1x384x14x14,tiempo_ms,120,0.0778898,0.07450799999999999,0.01649234230328547,0.1115041,0.063151,0.184866
79,activacion,1x384x14x14,tiempo_ms,120,0.27355520833333336,0.2677215,0.0229329021683649,0.31346815,0.245601,0.360591
80,depthwise_conv,1x384x14x14,tiempo_ms,120,0.8331723083333333,0.7946825,0.1384952531835164,0.98054515,0.748229,1.534027
81,batchnorm,1x384x14x14,tiempo_ms,120,0.15409785833333334,0.148038,0.018065276395113992,0.19120244999999997,0.135334,0.238758
82,activacion,1x384x14x14,tiempo_ms,120,0.244103375,0.238538,0.02091612468848481,0.27409664999999994,0.219571,0.332875
83,pointwise_conv,1x384x14x14,tiempo_ms,120,2.926206125,2.7835165,0.49973769674344803,3.3529672999999995,2.599865,6.759009
84,batchnorm,1x64x14x14,tiempo_ms,120,0.012676258333333332,0.0118745,0.003204452423747999,0.017485149999999984,0.010563,0.033114
85,layer_add,1x64x14x14,tiempo_ms,120,0.0072316,0.0069595,0.0016866338332296546,0.0084745,0.00548,0.019755
86,pointwise_conv,1x64x14x14,tiempo_ms,120,2.9100770583333335,2.7833284999999997,0.48172331620200864,3.5340139999999995,2.638452,6.489229
87,batchnorm,1x384x14x14,tiempo_ms,120,0.07572735833333333,0.071819,0.013446890954146355,0.09497259999999999,0.062898,0.14303
88,activacion,1x384x14x14,tiempo_ms,120,0.272901425,0.2665455,0.026241653591914233,0.31570085,0.239151,0.392547
89,depthwise_conv,1x384x14x14,tiempo_ms,120,0.81992225,0.787895,0.12588558203266045,0.9446769,0.729383,1.712836
90,batchnorm,1x384x14x14,tiempo_ms,120,0.07407945,0.06950100000000001,0.014959009671446174,0.0940657,0.063656,0.179371
91,activacion,1x384x14x14,tiempo_ms,120,0.2557217333333333,0.251292,0.020799911522813328,0.28181295,0.23156,0.387636
92,pointwise_conv,1x384x14x14,tiempo_ms,120,4.3073175416666665,4.1508445,0.691046857487313,4.8971876,3.911246,9.569491
93,batchnorm,1x96x14x14,tiempo_ms,120,0.019116816666666668,0.017879,0.004316797507691201,0.025735499999999998,0.015908,0.04371
94,pointwise_conv,1x96x14x14,tiempo_ms,120,6.437740258333333,6.1873629999999995,1.0215630427586004,7.09478795,5.832647,14.41173
95,batchnorm,1x576x14x14,tiempo_ms,120,0.1222684,0.1142725,0.02304178306424726,0.16726755,0.103966,0.240309
96,activacion,1x576x14x14,tiempo_ms,120,0.38486290833333336,0.37623,0.03204190896651474,0.42975585,0.347184,0.563351
97,depthwise_conv,1x576x14x14,tiempo_ms,120,1.2116081333333333,1.173304,0.17314417072383909,1.36525495,1.09192,2.458951
98,batchnorm,1x576x14x14,tiempo_ms,120,0.19146270833333334,0.18403000000000003,0.028299782341234966,0.24493394999999993,0.168066,0.331828
99,activacion,1x576x14x14,tiempo_ms,120,0.34770378333333335,0.3402535,0.02948810100008674,0.3911815,0.318492,0.48749
100,pointwise_conv,1x576x14x14,tiempo_ms,120,6.45801335,6.226891999999999,1.0875083249469952,7.2115176,5.863967,14.711432
101,batchnorm,1x96x14x14,tiempo_ms,120,0.019420116666666667,0.0181655,0.004680589731900816,0.02592999999999998,0.016186,0.046137
102,layer_add,1x96x14x14,tiempo_ms,120,0.01131655,0.010428,0.0030753932585862874,0.015977699999999997,0.008658,0.029145
103,pointwise_conv,1x96x14x14,tiempo_ms,120,6.475772666666667,6.177478499999999,1.069119288654843,7.323150949999998,5.909153,14.171281
104,batchnorm,1x576x14x14,tiempo_ms,120,0.11898741666666666,0.11133399999999999,0.023490288769625462,0.17019555,0.099225,0.242415
105,activacion,1x576x14x14,tiempo_ms,120,0.384624775,0.375205,0.035259492764232535,0.43969074999999996,0.344862,0.603623
106,depthwise_conv,1x576x14x14,tiempo_ms,120,1.2228092166666666,1.161712,0.20834065986228378,1.5150168,1.116672,2.572172
107,batchnorm,1x576x14x14,tiempo_ms,120,0.17562543333333333,0.166376,0.02703483768183033,0.23129229999999998,0.150596,0.3209
108,activacion,1x576x14x14,tiempo_ms,120,0.32087156666666666,0.31769250000000004,0.022207168014080545,0.35948715,0.287279,0.462734
109,pointwise_conv,1x576x14x14,tiempo_ms,120,6.36127895,6.167944,0.8521541016844278,7.0330525999999995,5.901614,14.839563
110,batchnorm,1x96x14x14,tiempo_ms,120,0.019638425,0.0184015,0.0036208316414658576,0.0247831,0.016638,0.039353
111,layer_add,1x96x14x14,tiempo_ms,120,0.011937833333333333,0.0115505,0.0021055320145810584,0.014012499999999994,0.008941,0.026336
112,pointwise_conv,1x96x14x14,tiempo_ms,120,6.376622325,6.1650685,0.8414241940159041,7.1423947,5.859948,14.136646
113,batchnorm,1x576x14x14,tiempo_ms,120,0.11828761666666666,0.1134375,0.019400298561413655,0.15903925,0.094666,0.205168
114,activacion,1x576x14x14,tiempo_ms,120,0.332007475,0.3248745,0.029404819297158238,0.3791323,0.298233,0.516916
115,depthwise_conv,1x576x14x14,tiempo_ms,120,0.28511881666666666,0.279014,0.033738125627996524,0.31818805,0.257995,0.581796
116,batchnorm,1x576x7x7,tiempo_ms,120,0.031951466666666664,0.030449,0.004467070761937498,0.04239205,0.028946,0.055529
117,activacion,1x576x7x7,tiempo_ms,120,0.06797359166666667,0.06677150000000001,0.005418744183788504,0.0769932,0.061689,0.098482
118,pointwise_conv,1x576x7x7,tiempo_ms,120,2.5794527916666667,2.498842,0.31897493786429004,2.97228325,2.358504,5.168706
119,batchnorm,1x160x7x7,tiempo_ms,120,0.007943525,0.007507,0.001521419659687081,0.009530699999999998,0.006943,0.020407
120,pointwise_conv,1x160x7x7,tiempo_ms,120,4.3125551416666665,4.168794999999999,0.4967721394993666,4.840195649999999,3.854535,8.290919
121,batchnorm,1x960x7x7,tiempo_ms,120,0.051311191666666665,0.0472225,0.0130031037098458,0.0697956,0.04265,0.143349
122,activacion,1x960x7x7,tiempo_ms,120,0.15808549166666666,0.1536355,0.012464165040274077,0.1850989,0.142131,0.208546
123,depthwise_conv,1x960x7x7,tiempo_ms,120,0.45414546666666666,0.43876400000000004,0.05267141454352338,0.5079719,0.410973,0.843465
124,batchnorm,1x960x7x7,tiempo_ms,120,0.047543833333333334,0.043924,0.011699936732812735,0.06312164999999999,0.041622,0.111278
125,activacion,1x960x7x7,tiempo_ms,120,0.14867655,0.14439449999999998,0.011865700947363745,0.1736287,0.135151,0.214074
126,pointwise_conv,1x960x7x7,tiempo_ms,120,4.296770591666666,4.164827,0.4576315524030569,4.974587349999999,3.94784,7.917977
127,batchnorm,1x160x7x7,tiempo_ms,120,0.008089325,0.0076489999999999995,0.0018688654364447472,0.009452699999999998,0.006991,0.020985
128,layer_add,1x160x7x7,tiempo_ms,120,0.0046611,0.0044975,0.000655686815484344,0.0054970999999999996,0.003743,0.007907
129,pointwise_conv,1x160x7x7,tiempo_ms,120,4.2336914666666665,4.141309,0.28071138880019336,4.7536806,3.93306,5.85427
130,batchnorm,1x960x7x7,tiempo_ms,120,0.04766265833333334,0.045538999999999996,0.0057761571935240575,0.05905335,0.040978,0.074845
131,activacion,1x960x7x7,tiempo_ms,120,0.14871713333333333,0.1459475,0.009840302062841118,0.1670723,0.136092,0.183902
132,depthwise_conv,1x960x7x7,tiempo_ms,120,0.448202675,0.440063,0.04639111643573575,0.49801080000000003,0.400957,0.843943
133,batchnorm,1x960x7x7,tiempo_ms,120,0.0574927,0.055205,0.007178815043017109,0.06798765,0.051025,0.114232
134,activacion,1x960x7x7,tiempo_ms,120,0.13165321666666666,0.128697,0.008579205055320248,0.14507335,0.119688,0.174524
135,pointwise_conv,1x960x7x7,tiempo_ms,120,4.264732966666666,4.153961499999999,0.3320530377413515,4.850694149999999,3.938613,6.327796
136,batchnorm,1x160x7x7,tiempo_ms,120,0.00846565,0.007994000000000001,0.0017874756748653374,0.012014249999999999,0.00724,0.018822
137,layer_add,1x160x7x7,tiempo_ms,120,0.004603333333333333,0.0042415000000000005,0.0014288803122650658,0.006744699999999999,0.00344,0.013042
138,pointwise_conv,1x160x7x7,tiempo_ms,120,4.351848375,4.180619999999999,0.6474636402828634,5.10118435,3.921177,10.114037
139,batchnorm,1x960x7x7,tiempo_ms,120,0.04880245833333333,0.045885,0.009976681134968558,0.06300209999999998,0.041185,0.118959
140,activacion,1x960x7x7,tiempo_ms,120,0.12104364166666666,0.117491,0.012466971980650172,0.14660184999999998,0.108362,0.192043
141,depthwise_conv,1x960x7x7,tiempo_ms,120,0.4599582,0.4405755,0.08629784891830185,0.5163998999999999,0.403797,1.040318
142,batchnorm,1x960x7x7,tiempo_ms,120,0.050298908333333336,0.0476255,0.009092100488558604,0.061158099999999986,0.045047,0.111307
143,activacion,1x960x7x7,tiempo_ms,120,0.093285225,0.0901985,0.01022788143490276,0.10999679999999999,0.084024,0.158237
144,pointwise_conv,1x960x7x7,tiempo_ms,120,8.612588633333333,8.3212875,1.2758255536001548,9.823201899999999,8.00432,18.712367
145,batchnorm,1x320x7x7,tiempo_ms,120,0.017269766666666665,0.016264,0.003801699336383363,0.022464199999999997,0.014461,0.046847
146,pointwise_conv,1x320x7x7,tiempo_ms,120,11.404478975,11.023107,1.4844835658101758,13.55741595,10.577721,25.166051
147,batchnorm,1x1280x7x7,tiempo_ms,120,0.06806835833333333,0.0643605,0.011288133701686779,0.0920597,0.060092,0.133013
148,activacion,1x1280x7x7,tiempo_ms,120,0.19140966666666667,0.18718,0.01416020104088241,0.21787869999999998,0.177247,0.284707
149,pooling,1x1280x7x7,tiempo_ms,120,0.041466858333333335,0.040166499999999994,0.004922325555966566,0.04955879999999999,0.037839,0.070992
150,linear,1x1280,tiempo_ms,120,1.456657775,1.438154,0.09440649402757843,1.6188151499999999,1.360861,2.109013
