iteracion,imagen_id,clase,categoria,probabilidad
1,0,239,Bernese mountain dog,0.4315081834793091
2,0,239,Bernese mountain dog,0.4315081834793091
3,0,239,Bernese mountain dog,0.4315081834793091
4,0,239,Bernese mountain dog,0.4315081834793091
5,0,239,Bernese mountain dog,0.4315081834793091
6,0,239,Bernese mountain dog,0.4315081834793091
7,0,239,Bernese mountain dog,0.4315081834793091
8,0,239,Bernese mountain dog,0.4315081834793091
9,0,239,Bernese mountain dog,0.4315081834793091
10,0,239,Bernese mountain dog,0.4315081834793091
11,0,239,Bernese mountain dog,0.4315081834793091
12,0,239,Bernese mountain dog,0.4315081834793091
13,0,239,Bernese mountain dog,0.4315081834793091
14,0,239,Bernese mountain dog,0.4315081834793091
15,0,239,Bernese mountain dog,0.4315081834793091
16,0,239,Bernese mountain dog,0.4315081834793091
17,0,239,Bernese mountain dog,0.4315081834793091
18,0,239,Bernese mountain dog,0.4315081834793091
19,0,239,Bernese mountain dog,0.4315081834793091
20,0,239,Bernese mountain dog,0.4315081834793091
21,0,239,Bernese mountain dog,0.4315081834793091
22,0,239,Bernese mountain dog,0.4315081834793091
23,0,239,Bernese mountain dog,0.4315081834793091
24,0,239,Bernese mountain dog,0.4315081834793091
25,0,239,Bernese mountain dog,0.4315081834793091
26,0,239,Bernese mountain dog,0.4315081834793091
27,0,239,Bernese mountain dog,0.4315081834793091
28,0,239,Bernese mountain dog,0.4315081834793091
29,0,239,Bernese mountain dog,0.4315081834793091
30,0,239,Bernese mountain dog,0.4315081834793091
31,0,239,Bernese mountain dog,0.4315081834793091
32,0,239,Bernese mountain dog,0.4315081834793091
33,0,239,Bernese mountain dog,0.4315081834793091
34,0,239,Bernese mountain dog,0.4315081834793091
35,0,239,Bernese mountain dog,0.4315081834793091
36,0,239,Bernese mountain dog,0.4315081834793091
37,0,239,Bernese mountain dog,0.4315081834793091
38,0,239,Bernese mountain dog,0.4315081834793091
39,0,239,Bernese mountain dog,0.4315081834793091
40,0,239,Bernese mountain dog,0.4315081834793091
41,0,239,Bernese mountain dog,0.4315081834793091
42,0,239,Bernese mountain dog,0.4315081834793091
43,0,239,Bernese mountain dog,0.4315081834793091
44,0,239,Bernese mountain dog,0.4315081834793091
45,0,239,Bernese mountain dog,0.4315081834793091
46,0,239,Bernese mountain dog,0.4315081834793091
47,0,239,Bernese mountain dog,0.4315081834793091
48,0,239,Bernese mountain dog,0.4315081834793091
49,0,239,Bernese mountain dog,0.4315081834793091
50,0,239,Bernese mountain dog,0.4315081834793091
51,0,239,Bernese mountain dog,0.4315081834793091
52,0,239,Bernese mountain dog,0.4315081834793091
53,0,239,Bernese mountain dog,0.4315081834793091
54,0,239,Bernese mountain dog,0.4315081834793091
55,0,239,Bernese mountain dog,0.4315081834793091
56,0,239,Bernese mountain dog,0.4315081834793091
57,0,239,Bernese mountain dog,0.4315081834793091
58,0,239,Bernese mountain dog,0.4315081834793091
59,0,239,Bernese mountain dog,0.4315081834793091
60,0,239,Bernese mountain dog,0.4315081834793091
61,0,239,Bernese mountain dog,0.4315081834793091
62,0,239,Bernese mountain dog,0.4315081834793091
63,0,239,Bernese mountain dog,0.4315081834793091
64,0,239,Bernese mountain dog,0.4315081834793091
65,0,239,Bernese mountain dog,0.4315081834793091
66,0,239,Bernese mountain dog,0.4315081834793091
67,0,239,Bernese mountain dog,0.4315081834793091
68,0,239,Bernese mountain dog,0.4315081834793091
69,0,239,Bernese mountain dog,0.4315081834793091
70,0,239,Bernese mountain dog,0.4315081834793091
71,0,239,Bernese mountain dog,0.4315081834793091
72,0,239,Bernese mountain dog,0.4315081834793091
73,0,239,Bernese mountain dog,0.4315081834793091
74,0,239,Bernese mountain dog,0.4315081834793091
75,0,239,Bernese mountain dog,0.4315081834793091
76,0,239,Bernese mountain dog,0.4315081834793091
77,0,239,Bernese mountain dog,0.4315081834793091
78,0,239,Bernese mountain dog,0.4315081834793091
79,0,239,Bernese mountain dog,0.4315081834793091
80,0,239,Bernese mountain dog,0.4315081834793091
81,0,239,Bernese mountain dog,0.4315081834793091
82,0,239,Bernese mountain dog,0.4315081834793091
83,0,239,Bernese mountain dog,0.4315081834793091
84,0,239,Bernese mountain dog,0.4315081834793091
85,0,239,Bernese mountain dog,0.4315081834793091
86,0,239,Bernese mountain dog,0.4315081834793091
87,0,239,Bernese mountain dog,0.4315081834793091
88,0,239,Bernese mountain dog,0.4315081834793091
89,0,239,Bernese mountain dog,0.4315081834793091
90,0,239,Bernese mountain dog,0.4315081834793091
91,0,239,Bernese mountain dog,0.4315081834793091
92,0,239,Bernese mountain dog,0.4315081834793091
93,0,239,Bernese mountain dog,0.4315081834793091
94,0,239,Bernese mountain dog,0.4315081834793091
95,0,239,Bernese mountain dog,0.4315081834793091
96,0,239,Bernese mountain dog,0.4315081834793091
97,0,239,Bernese mountain dog,0.4315081834793091
98,0,239,Bernese mountain dog,0.4315081834793091
99,0,239,Bernese mountain dog,0.4315081834793091
100,0,239,Bernese mountain dog,0.4315081834793091
101,0,239,Bernese mountain dog,0.4315081834793091
102,0,239,Bernese mountain dog,0.4315081834793091
103,0,239,Bernese mountain dog,0.4315081834793091
104,0,239,Bernese mountain dog,0.4315081834793091
105,0,239,Bernese mountain dog,0.4315081834793091
106,0,239,Bernese mountain dog,0.4315081834793091
107,0,239,Bernese mountain dog,0.4315081834793091
108,0,239,Bernese mountain dog,0.4315081834793091
109,0,239,Bernese mountain dog,0.4315081834793091
110,0,239,Bernese mountain dog,0.4315081834793091
111,0,239,Bernese mountain dog,0.4315081834793091
112,0,239,Bernese mountain dog,0.4315081834793091
113,0,239,Bernese mountain dog,0.4315081834793091
114,0,239,Bernese mountain dog,0.4315081834793091
115,0,239,Bernese mountain dog,0.4315081834793091
116,0,239,Bernese mountain dog,0.4315081834793091
117,0,239,Bernese mountain dog,0.4315081834793091
118,0,239,Bernese mountain dog,0.4315081834793091
119,0,239,Bernese mountain dog,0.4315081834793091
120,0,239,Bernese mountain dog,0.4315081834793091
