etapa,metrica,n,media,mediana,desviacion,p95,minimo,maximo
lectura_decodificacion,tiempo_ms,120,1.3770930333333333,1.3377115,0.1602961129013308,1.7087304499999996,1.191727,2.298184
lectura_decodificacion,cpu_ms,120,1.3794833333333671,1.34100000000148,0.1568447813420746,1.7158500000011843,1.1949999999996685,2.2130000000011307
lectura_decodificacion,cpu_pct_un_nucleo,120,100.19358573635235,100.23787701068991,0.46115797512083523,100.38617128431162,96.29342124047207,100.54190510003691
lectura_decodificacion,rss_antes_mib,120,695.7810872395834,695.78125,0.00128070799558432,695.78125,695.76953125,695.78125
lectura_decodificacion,rss_despues_mib,120,695.7810872395834,695.78125,0.00128070799558432,695.78125,695.76953125,695.78125
preprocesamiento,tiempo_ms,120,3.0370433583333334,2.923737,0.3509204560418717,3.6209113,2.683652,4.81599
preprocesamiento,cpu_ms,120,3.041108333333219,2.9279999999998196,0.3515423829197675,3.6265500000040194,2.6860000000006323,4.827999999999832
preprocesamiento,cpu_pct_un_nucleo,120,100.13337728453259,100.13223382101515,0.08113525577860324,100.21432942020598,99.81667203018546,100.73313330302156
preprocesamiento,rss_antes_mib,120,695.7810872395834,695.78125,0.00128070799558432,695.78125,695.76953125,695.78125
preprocesamiento,rss_despues_mib,120,695.7810872395834,695.78125,0.00128070799558432,695.78125,695.76953125,695.78125
inferencia_cpp,tiempo_ms,120,236.97533844166668,232.311612,14.307107255380998,269.03313905,220.469025,285.915194
inferencia_cpp,cpu_ms,120,236.85045833333334,232.30500000000004,14.253281812214974,268.93169999999833,220.45899999999796,285.9059999999969
inferencia_cpp,cpu_pct_un_nucleo,120,99.94858994916771,99.99206902243094,0.136452805649752,100.00029203888387,99.07889690745448,100.0007405090078
inferencia_cpp,rss_antes_mib,120,695.7810872395834,695.78125,0.00128070799558432,695.78125,695.76953125,695.78125
inferencia_cpp,rss_despues_mib,120,695.7810872395834,695.78125,0.00128070799558432,695.78125,695.76953125,695.78125
posprocesamiento,tiempo_ms,120,0.08633214166666667,0.082393,0.014928072504876655,0.11343775,0.069735,0.169459
posprocesamiento,cpu_ms,120,0.08924166666639533,0.08499999999989072,0.015397258204816019,0.11704999999974097,0.07199999999984996,0.17700000000075988
posprocesamiento,cpu_pct_un_nucleo,120,103.38142849531508,103.44460419419033,0.7809324200640205,104.51511478503629,101.47690029165754,105.60241376762185
posprocesamiento,rss_antes_mib,120,695.7810872395834,695.78125,0.00128070799558432,695.78125,695.76953125,695.78125
posprocesamiento,rss_despues_mib,120,695.7810872395834,695.78125,0.00128070799558432,695.78125,695.76953125,695.78125
total_flujo,tiempo_ms,120,242.025588075,237.27026899999998,14.52712241702247,274.81343895,225.071669,291.912185
total_flujo,cpu_ms,120,241.89600833333324,237.2604999999997,14.472109705777788,274.7079500000008,225.05700000000283,291.9000000000004
total_flujo,cpu_pct_un_nucleo,120,99.94773471847165,99.98987437628234,0.13381895460173593,99.99896936591718,99.0952648380372,99.99983961886157
total_flujo,rss_antes_mib,120,695.7810872395834,695.78125,0.00128070799558432,695.78125,695.76953125,695.78125
total_flujo,rss_despues_mib,120,695.7810872395834,695.78125,0.00128070799558432,695.78125,695.76953125,695.78125
