iteracion,imagen_id,imagen,etapa,tiempo_ms,cpu_ms,cpu_pct_un_nucleo,rss_antes_mib,rss_despues_mib
1,0,imagen.jpeg,lectura_decodificacion,1.440448,1.4450000000000296,100.31601279602107,699.2734375,699.2734375
1,0,imagen.jpeg,preprocesamiento,3.364537,3.369999999999651,100.16237003782842,699.2734375,699.2734375
1,0,imagen.jpeg,inferencia_cpp,234.406754,234.35699999999966,99.97877450237617,699.2734375,695.25390625
1,0,imagen.jpeg,posprocesamiento,0.079555,0.08200000000013752,103.07334548442904,695.25390625,695.25390625
1,0,imagen.jpeg,total_flujo,239.951332,239.9000000000004,99.97860732858962,699.2734375,695.25390625
2,0,imagen.jpeg,lectura_decodificacion,1.35434,1.3569999999996085,100.1964056292813,695.2578125,695.2578125
2,0,imagen.jpeg,preprocesamiento,2.880315,2.8839999999998867,100.1279373957323,695.2578125,695.2578125
2,0,imagen.jpeg,inferencia_cpp,229.180543,229.15499999999926,99.98885463850186,695.2578125,695.2578125
2,0,imagen.jpeg,posprocesamiento,0.080757,0.08300000000022179,102.77746820736505,695.2578125,695.2578125
2,0,imagen.jpeg,total_flujo,233.998051,233.96999999999994,99.98801229331603,695.2578125,695.2578125
3,0,imagen.jpeg,lectura_decodificacion,1.374399,1.3769999999997395,100.18924635420571,695.2578125,695.2578125
3,0,imagen.jpeg,preprocesamiento,2.846658,2.855000000000274,100.2930453886724,695.2578125,695.2578125
3,0,imagen.jpeg,inferencia_cpp,252.751654,252.68299999999977,99.9728373686527,695.2578125,695.2578125
3,0,imagen.jpeg,posprocesamiento,0.092646,0.09600000000009601,103.62023185037239,695.2578125,695.2578125
3,0,imagen.jpeg,total_flujo,257.609176,257.536,99.97159417954894,695.2578125,695.2578125
4,0,imagen.jpeg,lectura_decodificacion,1.47796,1.4819999999993172,100.27334975231517,695.26171875,695.26171875
4,0,imagen.jpeg,preprocesamiento,3.408244,3.4130000000001104,100.13954399978729,695.26171875,695.26171875
4,0,imagen.jpeg,inferencia_cpp,245.602542,245.57800000000017,99.990007432415,695.26171875,695.26171875
4,0,imagen.jpeg,posprocesamiento,0.083614,0.08599999999997499,102.8535891118413,695.26171875,695.26171875
4,0,imagen.jpeg,total_flujo,251.189774,251.16000000000028,99.98814681046701,695.26171875,695.26171875
5,0,imagen.jpeg,lectura_decodificacion,1.525911,1.530999999999616,100.33350568936301,695.26171875,695.26171875
5,0,imagen.jpeg,preprocesamiento,2.975776,2.9810000000001224,100.17555084791739,695.26171875,695.26171875
5,0,imagen.jpeg,inferencia_cpp,251.675633,251.64699999999962,99.98862305434217,695.26171875,695.26171875
5,0,imagen.jpeg,posprocesamiento,0.072866,0.07600000000029805,104.30104575563095,695.26171875,695.26171875
5,0,imagen.jpeg,total_flujo,256.810202,256.7789999999996,99.98785017115465,695.26171875,695.26171875
6,0,imagen.jpeg,lectura_decodificacion,1.341482,1.3450000000005957,100.26224727581851,695.26171875,695.26171875
6,0,imagen.jpeg,preprocesamiento,2.958045,2.961999999999243,100.13370317217093,695.26171875,695.26171875
6,0,imagen.jpeg,inferencia_cpp,239.723417,239.70000000000013,99.99023165934604,695.26171875,695.26171875
6,0,imagen.jpeg,posprocesamiento,0.088096,0.09099999999961916,103.29640392256081,695.26171875,695.26171875
6,0,imagen.jpeg,total_flujo,244.634713,244.6079999999999,99.98908045400731,695.26171875,695.26171875
7,0,imagen.jpeg,lectura_decodificacion,1.325498,1.3290000000003577,100.26420258652654,695.26171875,695.26171875
7,0,imagen.jpeg,preprocesamiento,2.876503,2.8809999999994673,100.15633566172075,695.26171875,695.26171875
7,0,imagen.jpeg,inferencia_cpp,233.141169,233.11800000000034,99.99006224421922,695.26171875,695.26171875
7,0,imagen.jpeg,posprocesamiento,0.08772,0.09199999999998099,104.87916096669058,695.26171875,695.26171875
7,0,imagen.jpeg,total_flujo,237.973903,237.9470000000001,99.9886949788776,695.26171875,695.26171875
8,0,imagen.jpeg,lectura_decodificacion,1.45125,1.454999999999984,100.25839793281544,695.26171875,695.26171875
8,0,imagen.jpeg,preprocesamiento,2.896341,2.9009999999995983,100.16085813098658,695.26171875,695.26171875
8,0,imagen.jpeg,inferencia_cpp,230.482599,230.42399999999986,99.97457552099188,695.26171875,695.26171875
8,0,imagen.jpeg,posprocesamiento,0.077696,0.07999999999996898,102.96540362434229,695.26171875,695.26171875
8,0,imagen.jpeg,total_flujo,235.465767,235.40400000000005,99.97376816138205,695.26171875,695.26171875
9,0,imagen.jpeg,lectura_decodificacion,1.334033,1.336999999999866,100.22240829123912,695.26171875,695.26171875
9,0,imagen.jpeg,preprocesamiento,2.918388,2.923000000000009,100.15803244805038,695.26171875,695.26171875
9,0,imagen.jpeg,inferencia_cpp,258.378777,258.3389999999997,99.98460515973404,695.26171875,695.26171875
9,0,imagen.jpeg,posprocesamiento,0.083815,0.0880000000000325,104.99313965284554,695.26171875,695.26171875
9,0,imagen.jpeg,total_flujo,263.244057,263.1990000000001,99.98288394408088,695.26171875,695.26171875
10,0,imagen.jpeg,lectura_decodificacion,1.436395,1.442000000000554,100.39021299855219,695.26171875,695.26171875
10,0,imagen.jpeg,preprocesamiento,3.205064,3.209999999999935,100.15400628505188,695.26171875,695.26171875
10,0,imagen.jpeg,inferencia_cpp,253.912613,253.42599999999987,99.80835414426612,695.26171875,695.26171875
10,0,imagen.jpeg,posprocesamiento,0.082253,0.0849999999997797,103.33969581629812,695.26171875,695.26171875
10,0,imagen.jpeg,total_flujo,259.311127,258.82199999999966,99.8113744652383,695.26171875,695.26171875
11,0,imagen.jpeg,lectura_decodificacion,1.373009,1.3759999999987116,100.21784270887603,695.26171875,695.26171875
11,0,imagen.jpeg,preprocesamiento,2.786141,2.7920000000006273,100.21029086469878,695.26171875,695.26171875
11,0,imagen.jpeg,inferencia_cpp,230.215176,229.89399999999998,99.86048878028787,695.26171875,695.26171875
11,0,imagen.jpeg,posprocesamiento,0.080792,0.08299999999950014,102.7329438552086,695.26171875,695.26171875
11,0,imagen.jpeg,total_flujo,234.998992,234.67600000000044,99.86255600619788,695.26171875,695.26171875
12,0,imagen.jpeg,lectura_decodificacion,1.571626,1.5249999999991104,97.03326363900257,695.26171875,695.26171875
12,0,imagen.jpeg,preprocesamiento,3.647532,3.65299999999924,100.14990958267782,695.26171875,695.26171875
12,0,imagen.jpeg,inferencia_cpp,231.562724,231.16199999999932,99.82694796767001,695.26171875,695.26171875
12,0,imagen.jpeg,posprocesamiento,0.072515,0.07500000000121299,103.42687719949389,695.26171875,695.26171875
12,0,imagen.jpeg,total_flujo,237.500193,237.04399999999998,99.80791889293327,695.26171875,695.26171875
13,0,imagen.jpeg,lectura_decodificacion,1.357632,1.3609999999992795,100.24807900810231,695.26171875,695.26171875
13,0,imagen.jpeg,preprocesamiento,2.986302,2.990999999999744,100.15731831541967,695.26171875,695.26171875
13,0,imagen.jpeg,inferencia_cpp,236.368824,236.00399999999928,99.84565477213665,695.26171875,695.26171875
13,0,imagen.jpeg,posprocesamiento,0.083227,0.08700000000000374,104.5333845987525,695.26171875,695.26171875
13,0,imagen.jpeg,total_flujo,241.372053,241.00299999999953,99.84710201723293,695.26171875,695.26171875
14,0,imagen.jpeg,lectura_decodificacion,1.664326,1.670999999999978,100.40100316884902,695.26171875,695.26171875
14,0,imagen.jpeg,preprocesamiento,2.891987,2.8959999999997876,100.1387627261045,695.26171875,695.26171875
14,0,imagen.jpeg,inferencia_cpp,227.323583,226.98500000000104,99.85105680830353,695.26171875,695.26171875
14,0,imagen.jpeg,posprocesamiento,0.080287,0.08299999999944463,103.37912737983065,695.26171875,695.26171875
14,0,imagen.jpeg,total_flujo,232.549019,232.20699999999965,99.85292606201003,695.26171875,695.26171875
15,0,imagen.jpeg,lectura_decodificacion,1.475656,1.4789999999996195,100.22661108006334,695.26171875,695.26171875
15,0,imagen.jpeg,preprocesamiento,2.936784,2.9410000000016367,100.14355839590644,695.26171875,695.26171875
15,0,imagen.jpeg,inferencia_cpp,229.39408,229.0519999999997,99.85087670963424,695.26171875,695.26171875
15,0,imagen.jpeg,posprocesamiento,0.082486,0.0850000000007789,103.04778992893205,695.26171875,695.26171875
15,0,imagen.jpeg,total_flujo,234.485395,234.13699999999866,99.85142144993664,695.26171875,695.26171875
16,0,imagen.jpeg,lectura_decodificacion,1.390798,1.3930000000001996,100.15832637091796,695.26171875,695.26171875
16,0,imagen.jpeg,preprocesamiento,2.944839,2.9479999999999507,100.10734033337478,695.26171875,695.26171875
16,0,imagen.jpeg,inferencia_cpp,226.592376,226.283999999999,99.86390715987682,695.26171875,695.26171875
16,0,imagen.jpeg,posprocesamiento,0.083749,0.0860000000000305,102.68779328712043,695.26171875,695.26171875
16,0,imagen.jpeg,total_flujo,231.558157,231.24599999999978,99.86519282928987,695.26171875,695.26171875
17,0,imagen.jpeg,lectura_decodificacion,1.397972,1.4000000000005675,100.14506728321938,695.26171875,695.26171875
17,0,imagen.jpeg,preprocesamiento,2.852693,2.856000000001302,100.11592554829076,695.26171875,695.26171875
17,0,imagen.jpeg,inferencia_cpp,225.821998,225.54000000000147,99.87512376894365,695.26171875,695.26171875
17,0,imagen.jpeg,posprocesamiento,0.080275,0.0840000000005281,104.64029897294064,695.26171875,695.26171875
17,0,imagen.jpeg,total_flujo,230.658103,230.37499999999955,99.87726292884649,695.26171875,695.26171875
18,0,imagen.jpeg,lectura_decodificacion,1.481425,1.4859999999998763,100.3088242739171,695.26171875,695.26171875
18,0,imagen.jpeg,preprocesamiento,3.048554,3.0090000000004835,98.70253241374381,695.26171875,695.26171875
18,0,imagen.jpeg,inferencia_cpp,228.421569,228.13900000000092,99.87629495706726,695.26171875,695.26171875
18,0,imagen.jpeg,posprocesamiento,0.082671,0.08499999999855845,102.81719103259724,695.26171875,695.26171875
18,0,imagen.jpeg,total_flujo,233.576718,233.24599999999978,99.85841140211576,695.26171875,695.26171875
19,0,imagen.jpeg,lectura_decodificacion,1.469891,1.4750000000010033,100.3475767931774,695.26171875,695.26171875
19,0,imagen.jpeg,preprocesamiento,3.004615,2.9640000000004108,98.64824611474052,695.26171875,695.26171875
19,0,imagen.jpeg,inferencia_cpp,225.512087,225.3870000000015,99.9445320196968,695.26171875,695.26171875
19,0,imagen.jpeg,posprocesamiento,0.080435,0.08399999999875174,104.43215018182599,695.26171875,695.26171875
19,0,imagen.jpeg,total_flujo,230.651744,230.47699999999972,99.92423902938263,695.26171875,695.26171875
20,0,imagen.jpeg,lectura_decodificacion,1.373489,1.3759999999991002,100.18281908330538,695.26171875,695.26171875
20,0,imagen.jpeg,preprocesamiento,3.087644,3.0919999999987624,100.14107844035007,695.26171875,695.26171875
20,0,imagen.jpeg,inferencia_cpp,227.094154,226.87099999999955,99.90173503101254,695.26171875,695.26171875
20,0,imagen.jpeg,posprocesamiento,0.069089,0.07099999999887752,102.76599747988467,695.26171875,695.26171875
20,0,imagen.jpeg,total_flujo,232.121688,231.89600000000038,99.90277168758155,695.26171875,695.26171875
21,0,imagen.jpeg,lectura_decodificacion,1.283208,1.286000000000509,100.21757969093936,695.26171875,695.26171875
21,0,imagen.jpeg,preprocesamiento,3.001293,2.996000000001331,99.82364267671737,695.26171875,695.26171875
21,0,imagen.jpeg,inferencia_cpp,246.287166,246.03500000000022,99.89761301650618,695.26171875,695.26171875
21,0,imagen.jpeg,posprocesamiento,0.079009,0.08199999999947138,103.78564467272258,695.26171875,695.26171875
21,0,imagen.jpeg,total_flujo,251.25287,250.98700000000014,99.89418230327087,695.26171875,695.26171875
22,0,imagen.jpeg,lectura_decodificacion,1.508043,1.5129999999990429,100.32870415492415,695.26171875,695.26171875
22,0,imagen.jpeg,preprocesamiento,3.125708,3.1319999999990245,100.20129839380468,695.26171875,695.26171875
22,0,imagen.jpeg,inferencia_cpp,232.08942,231.90999999999906,99.92269358939286,695.26171875,695.26171875
22,0,imagen.jpeg,posprocesamiento,0.081518,0.08399999999980645,103.04472631787637,695.26171875,695.26171875
22,0,imagen.jpeg,total_flujo,237.421592,237.23899999999944,99.92309376815207,695.26171875,695.26171875
23,0,imagen.jpeg,lectura_decodificacion,1.414327,1.4099999999999113,99.69405943603647,695.26171875,695.26171875
23,0,imagen.jpeg,preprocesamiento,3.042665,3.0469999999986896,100.14247378527342,695.26171875,695.26171875
23,0,imagen.jpeg,inferencia_cpp,302.693099,302.2280000000011,99.84634634831932,695.26171875,695.26171875
23,0,imagen.jpeg,posprocesamiento,0.139863,0.146000000000035,104.38786526818029,695.26171875,695.26171875
23,0,imagen.jpeg,total_flujo,308.049932,307.57300000000026,99.84517704746652,695.26171875,695.26171875
24,0,imagen.jpeg,lectura_decodificacion,2.005836,2.010999999999541,100.25744876448229,695.26171875,695.26171875
24,0,imagen.jpeg,preprocesamiento,4.993769,5.002000000001061,100.16482540544148,695.26171875,695.26171875
24,0,imagen.jpeg,inferencia_cpp,285.420941,284.84600000000023,99.79856383417929,695.26171875,695.26171875
24,0,imagen.jpeg,posprocesamiento,0.106612,0.11100000000063837,104.11585937852996,695.26171875,695.26171875
24,0,imagen.jpeg,total_flujo,293.375457,292.79700000000065,99.80282706470592,695.26171875,695.26171875
25,0,imagen.jpeg,lectura_decodificacion,1.628496,1.6350000000004972,100.39938691900362,695.26171875,695.26171875
25,0,imagen.jpeg,preprocesamiento,3.237051,3.2429999999994408,100.18377838345583,695.26171875,695.26171875
25,0,imagen.jpeg,inferencia_cpp,269.152865,268.806,99.8711271381042,695.26171875,695.26171875
25,0,imagen.jpeg,posprocesamiento,0.086978,0.09000000000058961,103.4744418135501,695.26171875,695.26171875
25,0,imagen.jpeg,total_flujo,274.797997,274.4510000000013,99.87372651773778,695.26171875,695.26171875
26,0,imagen.jpeg,lectura_decodificacion,1.771088,1.7669999999991859,99.76918142967406,695.26171875,695.26171875
26,0,imagen.jpeg,preprocesamiento,3.831653,3.8400000000002876,100.21784331723899,695.26171875,695.26171875
26,0,imagen.jpeg,inferencia_cpp,271.03246,270.7739999999997,99.90463872851234,695.26171875,695.26171875
26,0,imagen.jpeg,posprocesamiento,0.089051,0.09199999999909281,103.31158549493301,695.26171875,695.26171875
26,0,imagen.jpeg,total_flujo,277.552025,277.2780000000002,99.90127076176084,695.26171875,695.26171875
27,0,imagen.jpeg,lectura_decodificacion,1.654494,1.6599999999993287,100.33279056916065,695.26171875,695.26171875
27,0,imagen.jpeg,preprocesamiento,3.991569,3.999000000000308,100.1861673943331,695.26171875,695.26171875
27,0,imagen.jpeg,inferencia_cpp,241.617456,241.53699999999924,99.96670108139837,695.26171875,695.26171875
27,0,imagen.jpeg,posprocesamiento,0.082552,0.08499999999900254,102.96540362317393,695.26171875,695.26171875
27,0,imagen.jpeg,total_flujo,248.038375,247.95500000000087,99.96638624970869,695.26171875,695.26171875
28,0,imagen.jpeg,lectura_decodificacion,1.351136,1.352999999999993,100.13795798498398,695.26171875,695.26171875
28,0,imagen.jpeg,preprocesamiento,3.574185,3.5690000000005995,99.85493196352733,695.26171875,695.26171875
28,0,imagen.jpeg,inferencia_cpp,249.322228,249.12999999999963,99.92289977450372,695.26171875,695.26171875
28,0,imagen.jpeg,posprocesamiento,0.082176,0.0850000000007789,103.43652648069862,695.26171875,695.26171875
28,0,imagen.jpeg,total_flujo,254.921988,254.71599999999995,99.91919567173623,695.26171875,695.26171875
29,0,imagen.jpeg,lectura_decodificacion,1.471197,1.4750000000003372,100.25849699260786,695.26171875,695.26171875
29,0,imagen.jpeg,preprocesamiento,2.827766,2.8279999999991645,100.00827508355233,695.26171875,695.26171875
29,0,imagen.jpeg,inferencia_cpp,233.953958,233.93600000000075,99.99232413071667,695.26171875,695.26171875
29,0,imagen.jpeg,posprocesamiento,0.077273,0.07999999999919183,103.52904636702579,695.26171875,695.26171875
29,0,imagen.jpeg,total_flujo,238.867406,238.84099999999998,99.98894533145305,695.26171875,695.26171875
30,0,imagen.jpeg,lectura_decodificacion,1.40469,1.4070000000003802,100.16444909555705,695.26171875,695.26171875
30,0,imagen.jpeg,preprocesamiento,3.060645,3.0640000000001777,100.10961741724955,695.26171875,695.26171875
30,0,imagen.jpeg,inferencia_cpp,232.123453,232.02300000000136,99.95672432117463,695.26171875,695.26171875
30,0,imagen.jpeg,posprocesamiento,0.072097,0.07499999999999174,104.02651982744322,695.26171875,695.26171875
30,0,imagen.jpeg,total_flujo,237.179266,237.07600000000016,99.9564607810196,695.26171875,695.26171875
31,0,imagen.jpeg,lectura_decodificacion,1.354563,1.3570000000004967,100.17991042133121,695.26171875,695.26171875
31,0,imagen.jpeg,preprocesamiento,3.197347,3.201999999999927,100.14552690089398,695.26171875,695.26171875
31,0,imagen.jpeg,inferencia_cpp,225.970355,225.8749999999996,99.95780198690204,695.26171875,695.26171875
31,0,imagen.jpeg,posprocesamiento,0.082326,0.08599999999958641,104.46274566915241,695.26171875,695.26171875
31,0,imagen.jpeg,total_flujo,231.134621,231.03499999999954,99.95689914407046,695.26171875,695.26171875
32,0,imagen.jpeg,lectura_decodificacion,1.371485,1.373999999998432,100.183377871317,695.26171875,695.26171875
32,0,imagen.jpeg,preprocesamiento,2.819749,2.8240000000003818,100.15075809940465,695.26171875,695.26171875
32,0,imagen.jpeg,inferencia_cpp,260.179267,260.1409999999994,99.98529206402884,695.26171875,695.26171875
32,0,imagen.jpeg,posprocesamiento,0.118845,0.12400000000079014,104.33758256619137,695.26171875,695.26171875
32,0,imagen.jpeg,total_flujo,265.167357,265.12299999999925,99.98327207371882,695.26171875,695.26171875
33,0,imagen.jpeg,lectura_decodificacion,1.646959,1.6519999999999868,100.30607926487464,695.26171875,695.26171875
33,0,imagen.jpeg,preprocesamiento,3.497105,3.504000000001284,100.19716308207171,695.26171875,695.26171875
33,0,imagen.jpeg,inferencia_cpp,289.349264,288.4230000000008,99.67988029857258,695.26171875,695.26171875
33,0,imagen.jpeg,posprocesamiento,0.078971,0.08099999999949814,102.56929758961915,695.26171875,695.26171875
33,0,imagen.jpeg,total_flujo,295.311274,294.38200000000086,99.68532389996084,695.26171875,695.26171875
34,0,imagen.jpeg,lectura_decodificacion,1.931302,1.9369999999998555,100.29503412722896,695.26171875,695.26171875
34,0,imagen.jpeg,preprocesamiento,3.426444,3.4330000000011296,100.1913353903093,695.26171875,695.26171875
34,0,imagen.jpeg,inferencia_cpp,272.675689,272.48400000000095,99.92970073690763,695.26171875,695.26171875
34,0,imagen.jpeg,posprocesamiento,0.072509,0.07500000000071338,103.43543560208164,695.26171875,695.26171875
34,0,imagen.jpeg,total_flujo,278.743007,278.54800000000097,99.93004057676718,695.26171875,695.26171875
35,0,imagen.jpeg,lectura_decodificacion,1.95117,1.9580000000001263,100.35004638243342,695.26171875,695.26171875
35,0,imagen.jpeg,preprocesamiento,4.673994,4.680999999999713,100.14989321765738,695.26171875,695.26171875
35,0,imagen.jpeg,inferencia_cpp,258.456149,258.35400000000067,99.9604772413446,695.26171875,695.26171875
35,0,imagen.jpeg,posprocesamiento,0.093994,0.09700000000073539,103.19807647374874,695.26171875,695.26171875
35,0,imagen.jpeg,total_flujo,265.958183,265.85100000000085,99.95969930355587,695.26171875,695.26171875
36,0,imagen.jpeg,lectura_decodificacion,1.367172,1.3709999999987899,100.27999403138666,695.26171875,695.26171875
36,0,imagen.jpeg,preprocesamiento,2.82834,2.8319999999997236,100.12940452702729,695.26171875,695.26171875
36,0,imagen.jpeg,inferencia_cpp,234.898617,234.67299999999986,99.90395132892581,695.26171875,695.26171875
36,0,imagen.jpeg,posprocesamiento,0.079661,0.08199999999947138,102.93619211341985,695.26171875,695.26171875
36,0,imagen.jpeg,total_flujo,239.66565,239.43500000000006,99.90376176143727,695.26171875,695.26171875
37,0,imagen.jpeg,lectura_decodificacion,1.46612,1.4719999999996958,100.40105857635771,695.26171875,695.26171875
37,0,imagen.jpeg,preprocesamiento,3.025081,3.031000000000006,100.19566418221548,695.26171875,695.26171875
37,0,imagen.jpeg,inferencia_cpp,283.904342,283.5589999999993,99.87835973287062,695.26171875,695.26171875
37,0,imagen.jpeg,posprocesamiento,0.086232,0.08799999999958841,102.05028295712543,695.26171875,695.26171875
37,0,imagen.jpeg,total_flujo,289.126471,288.7770000000007,99.87912867376323,695.26171875,695.26171875
38,0,imagen.jpeg,lectura_decodificacion,1.518193,1.5229999999988308,100.31662641039914,695.26171875,695.26171875
38,0,imagen.jpeg,preprocesamiento,4.151191,4.160000000000608,100.2122041602183,695.26171875,695.26171875
38,0,imagen.jpeg,inferencia_cpp,284.444126,284.1730000000005,99.90468215891389,695.26171875,695.26171875
38,0,imagen.jpeg,posprocesamiento,0.097299,0.10200000000049059,104.83149878260886,695.26171875,695.26171875
38,0,imagen.jpeg,total_flujo,291.048311,290.77099999999933,99.90471994183787,695.26171875,695.26171875
39,0,imagen.jpeg,lectura_decodificacion,1.753257,1.7599999999999838,100.38459849297529,695.26171875,695.26171875
39,0,imagen.jpeg,preprocesamiento,3.344429,3.3509999999985496,100.19647599032749,695.26171875,695.26171875
39,0,imagen.jpeg,inferencia_cpp,240.900053,240.67600000000039,99.90699337870231,695.26171875,695.26171875
39,0,imagen.jpeg,posprocesamiento,0.072939,0.07600000000040907,104.19665748146954,695.26171875,695.26171875
39,0,imagen.jpeg,total_flujo,246.739642,246.5139999999995,99.90855056845689,695.26171875,695.26171875
40,0,imagen.jpeg,lectura_decodificacion,1.314098,1.3180000000003744,100.29693371425681,695.26171875,695.26171875
40,0,imagen.jpeg,preprocesamiento,2.898817,2.902999999999878,100.14430024385388,695.26171875,695.26171875
40,0,imagen.jpeg,inferencia_cpp,239.347333,239.15500000000023,99.91964272273727,695.26171875,695.26171875
40,0,imagen.jpeg,posprocesamiento,0.088267,0.08999999999981245,101.96336116534204,695.26171875,695.26171875
40,0,imagen.jpeg,total_flujo,244.192732,243.99599999999998,99.91943576764602,695.26171875,695.26171875
41,0,imagen.jpeg,lectura_decodificacion,1.313494,1.3159999999998728,100.19078884257354,695.26171875,695.26171875
41,0,imagen.jpeg,preprocesamiento,2.803396,2.80700000000067,100.1285583628096,695.26171875,695.26171875
41,0,imagen.jpeg,inferencia_cpp,257.961002,257.8569999999996,99.95968305317699,695.26171875,695.26171875
41,0,imagen.jpeg,posprocesamiento,0.079381,0.08200000000047059,103.29927816539296,695.26171875,695.26171875
41,0,imagen.jpeg,total_flujo,262.700541,262.59299999999973,99.95906327425483,695.26171875,695.26171875
42,0,imagen.jpeg,lectura_decodificacion,1.394343,1.3980000000007875,100.2622740603128,695.26171875,695.26171875
42,0,imagen.jpeg,preprocesamiento,3.047441,3.051000000000692,100.11678651040961,695.26171875,695.26171875
42,0,imagen.jpeg,inferencia_cpp,251.673004,251.56900000000172,99.95867494791048,695.26171875,695.26171875
42,0,imagen.jpeg,posprocesamiento,0.092761,0.09700000000067988,104.56980843315604,695.26171875,695.26171875
42,0,imagen.jpeg,total_flujo,256.780322,256.67200000000014,99.95781530330822,695.26171875,695.26171875
43,0,imagen.jpeg,lectura_decodificacion,2.280598,2.2890000000010957,100.36841214458207,695.26171875,695.26171875
43,0,imagen.jpeg,preprocesamiento,4.555518,4.561999999999955,100.14228897789351,695.26171875,695.26171875
43,0,imagen.jpeg,inferencia_cpp,236.385154,236.25499999999988,99.9449398586173,695.26171875,695.26171875
43,0,imagen.jpeg,posprocesamiento,0.070936,0.07400000000146179,104.31938649129044,695.26171875,695.26171875
43,0,imagen.jpeg,total_flujo,244.058848,243.9259999999983,99.94556722647413,695.26171875,695.26171875
44,0,imagen.jpeg,lectura_decodificacion,1.351897,1.3540000000015207,100.15555918842342,695.26171875,695.26171875
44,0,imagen.jpeg,preprocesamiento,2.971233,2.9749999999992838,100.12678238291255,695.26171875,695.26171875
44,0,imagen.jpeg,inferencia_cpp,235.185835,234.98600000000093,99.9150310221706,695.26171875,695.26171875
44,0,imagen.jpeg,posprocesamiento,0.079305,0.0819999999990273,103.39827249105012,695.26171875,695.26171875
44,0,imagen.jpeg,total_flujo,240.110452,239.90700000000064,99.91526732872113,695.26171875,695.26171875
45,0,imagen.jpeg,lectura_decodificacion,1.266005,1.2679999999996028,100.15758231599423,695.26171875,695.26171875
45,0,imagen.jpeg,preprocesamiento,2.736739,2.7410000000003265,100.15569625018412,695.26171875,695.26171875
45,0,imagen.jpeg,inferencia_cpp,229.016379,228.89800000000005,99.94830981062715,695.26171875,695.26171875
45,0,imagen.jpeg,posprocesamiento,0.071833,0.07399999999946338,103.0167193343775,695.26171875,695.26171875
45,0,imagen.jpeg,total_flujo,233.613428,233.4910000000002,99.94759376588584,695.26171875,695.26171875
46,0,imagen.jpeg,lectura_decodificacion,1.263682,1.2660000000016547,100.18343222437723,695.26171875,695.26171875
46,0,imagen.jpeg,preprocesamiento,2.743984,2.7480000000004168,100.14635653853728,695.26171875,695.26171875
46,0,imagen.jpeg,inferencia_cpp,242.197932,242.0090000000007,99.9219927278325,695.26171875,695.26171875
46,0,imagen.jpeg,posprocesamiento,0.081606,0.08399999999997299,102.93360782292109,695.26171875,695.26171875
46,0,imagen.jpeg,total_flujo,246.792331,246.59900000000178,99.92166247661959,695.26171875,695.26171875
47,0,imagen.jpeg,lectura_decodificacion,1.875168,1.8830000000029656,100.41766924366061,695.26171875,695.26171875
47,0,imagen.jpeg,preprocesamiento,3.001991,3.007000000000204,100.16685592995462,695.26171875,695.26171875
47,0,imagen.jpeg,inferencia_cpp,235.03184,234.94400000000127,99.96262634032958,695.26171875,695.26171875
47,0,imagen.jpeg,posprocesamiento,0.072296,0.09099999999806485,125.87141750313275,695.26171875,695.26171875
47,0,imagen.jpeg,total_flujo,240.657764,240.5669999999991,99.96228503145201,695.26171875,695.26171875
48,0,imagen.jpeg,lectura_decodificacion,1.266139,1.268999999997522,100.22596255209912,695.26171875,695.26171875
48,0,imagen.jpeg,preprocesamiento,2.72377,2.727000000000146,100.11858563682492,695.26171875,695.26171875
48,0,imagen.jpeg,inferencia_cpp,230.832155,230.57900000000032,99.89032940406432,695.26171875,695.26171875
48,0,imagen.jpeg,posprocesamiento,0.070214,0.07299999999843543,103.96786965339595,695.26171875,695.26171875
48,0,imagen.jpeg,total_flujo,235.369476,235.1129999999997,99.89103259931619,695.26171875,695.26171875
49,0,imagen.jpeg,lectura_decodificacion,1.451581,1.454999999999984,100.23553628767421,695.26171875,695.26171875
49,0,imagen.jpeg,preprocesamiento,2.982546,2.987000000000961,100.14933550064143,695.26171875,695.26171875
49,0,imagen.jpeg,inferencia_cpp,263.799301,263.60200000000134,99.92520791402754,695.26171875,695.26171875
49,0,imagen.jpeg,posprocesamiento,0.074539,0.07700000000254725,103.30162733944279,695.26171875,695.26171875
49,0,imagen.jpeg,total_flujo,268.838256,268.6379999999996,99.92551060143747,695.26171875,695.26171875
50,0,imagen.jpeg,lectura_decodificacion,1.544657,1.550999999999192,100.41064132679242,695.26171875,695.26171875
50,0,imagen.jpeg,preprocesamiento,3.557941,3.567000000000209,100.25461355318171,695.26171875,695.26171875
50,0,imagen.jpeg,inferencia_cpp,242.993629,242.87000000000148,99.94912253440253,695.26171875,695.26171875
50,0,imagen.jpeg,posprocesamiento,0.071443,0.07399999999790907,103.57907702351395,695.26171875,695.26171875
50,0,imagen.jpeg,total_flujo,248.863965,248.73599999999985,99.94858034187466,695.26171875,695.26171875
51,0,imagen.jpeg,lectura_decodificacion,1.31948,1.321999999998269,100.19098432702799,695.26171875,695.26171875
51,0,imagen.jpeg,preprocesamiento,3.377593,3.3840000000004977,100.18969129793014,695.26171875,695.26171875
51,0,imagen.jpeg,inferencia_cpp,241.93075,241.82999999999865,99.95835585182895,695.26171875,695.26171875
51,0,imagen.jpeg,posprocesamiento,0.082344,0.08499999999900254,103.22549305232019,695.26171875,695.26171875
51,0,imagen.jpeg,total_flujo,247.332641,247.22800000000322,99.95769219963297,695.26171875,695.26171875
52,0,imagen.jpeg,lectura_decodificacion,1.354176,1.3569999999996085,100.20854010111009,695.26171875,695.26171875
52,0,imagen.jpeg,preprocesamiento,2.820939,2.824999999997857,100.14395915678634,695.26171875,695.26171875
52,0,imagen.jpeg,inferencia_cpp,221.383048,221.18900000000164,99.9123473988856,695.26171875,695.26171875
52,0,imagen.jpeg,posprocesamiento,0.077833,0.0799999999985257,102.78416609731822,695.26171875,695.26171875
52,0,imagen.jpeg,total_flujo,226.144821,225.94599999999986,99.91208244384241,695.26171875,695.26171875
53,0,imagen.jpeg,lectura_decodificacion,1.340548,1.3439999999979024,100.25750663145986,695.26171875,695.26171875
53,0,imagen.jpeg,preprocesamiento,2.776763,2.780999999998812,100.15258774331163,695.26171875,695.26171875
53,0,imagen.jpeg,inferencia_cpp,218.914785,218.8189999999993,99.95624553179418,695.26171875,695.26171875
53,0,imagen.jpeg,posprocesamiento,0.077694,0.08199999999947138,105.54225551454603,695.26171875,695.26171875
53,0,imagen.jpeg,total_flujo,223.592172,223.4929999999985,99.95564603218689,695.26171875,695.26171875
54,0,imagen.jpeg,lectura_decodificacion,1.364605,1.3670000000027827,100.17550866388315,695.26171875,695.26171875
54,0,imagen.jpeg,preprocesamiento,3.075812,3.080000000000638,100.13615916709597,695.26171875,695.26171875
54,0,imagen.jpeg,inferencia_cpp,239.216872,239.03600000000003,99.92438994854845,695.26171875,695.26171875
54,0,imagen.jpeg,posprocesamiento,0.071123,0.07399999999946338,104.04510495826017,695.26171875,695.26171875
54,0,imagen.jpeg,total_flujo,244.297276,244.1129999999998,99.92456895016701,695.26171875,695.26171875
55,0,imagen.jpeg,lectura_decodificacion,1.306468,1.3100000000001444,100.270347226273,695.26171875,695.26171875
55,0,imagen.jpeg,preprocesamiento,2.96714,2.9719999999997526,100.16379409127148,695.26171875,695.26171875
55,0,imagen.jpeg,inferencia_cpp,233.669117,233.58199999999817,99.96271779466612,695.26171875,695.26171875
55,0,imagen.jpeg,posprocesamiento,0.080933,0.08400000000108321,103.78955432404977,695.26171875,695.26171875
55,0,imagen.jpeg,total_flujo,238.587688,238.49699999999862,99.96198965639778,695.26171875,695.26171875
56,0,imagen.jpeg,lectura_decodificacion,1.371621,1.376000000000488,100.31925728758075,695.26171875,695.26171875
56,0,imagen.jpeg,preprocesamiento,2.879891,2.884000000001663,100.14267901117309,695.26171875,695.26171875
56,0,imagen.jpeg,inferencia_cpp,232.400156,232.270999999999,99.9444251663923,695.26171875,695.26171875
56,0,imagen.jpeg,posprocesamiento,0.079741,0.08300000000005525,104.0869816030088,695.26171875,695.26171875
56,0,imagen.jpeg,total_flujo,237.238416,237.10599999999891,99.94418441910307,695.26171875,695.26171875
57,0,imagen.jpeg,lectura_decodificacion,1.325032,1.3289999999988034,100.29946446567352,695.26171875,695.26171875
57,0,imagen.jpeg,preprocesamiento,2.788481,2.7919999999994616,100.12619773989715,695.26171875,695.26171875
57,0,imagen.jpeg,inferencia_cpp,227.34548,227.03799999999842,99.86475209447684,695.26171875,695.26171875
57,0,imagen.jpeg,posprocesamiento,0.121271,0.1239999999995689,102.25033190092347,695.26171875,695.26171875
57,0,imagen.jpeg,total_flujo,232.109807,231.7980000000014,99.86566401306835,695.26171875,695.26171875
58,0,imagen.jpeg,lectura_decodificacion,1.312014,1.3150000000017315,100.22758903500507,695.26171875,695.26171875
58,0,imagen.jpeg,preprocesamiento,2.772297,2.776000000000778,100.1335715473767,695.26171875,695.26171875
58,0,imagen.jpeg,inferencia_cpp,229.868763,229.73199999999883,99.94050387785784,695.26171875,695.26171875
58,0,imagen.jpeg,posprocesamiento,0.100378,0.10400000000077014,103.60836039846396,695.26171875,695.26171875
58,0,imagen.jpeg,total_flujo,234.626315,234.48600000000008,99.94019639271923,695.26171875,695.26171875
59,0,imagen.jpeg,lectura_decodificacion,1.789256,1.797000000002602,100.43280559084906,695.26171875,695.26171875
59,0,imagen.jpeg,preprocesamiento,4.363924,4.370999999999015,100.16214764507848,695.26171875,695.26171875
59,0,imagen.jpeg,inferencia_cpp,240.332459,240.18799999999817,99.93989201433592,695.26171875,695.26171875
59,0,imagen.jpeg,posprocesamiento,0.085856,0.08899999999911756,103.66194558227446,695.26171875,695.26171875
59,0,imagen.jpeg,total_flujo,247.312581,247.16300000000112,99.93951743199071,695.26171875,695.26171875
60,0,imagen.jpeg,lectura_decodificacion,1.394954,1.3969999999987603,100.14667150305748,695.26171875,695.26171875
60,0,imagen.jpeg,preprocesamiento,2.847128,2.849999999998687,100.10087358203378,695.26171875,695.26171875
60,0,imagen.jpeg,inferencia_cpp,229.289335,229.20300000000083,99.96234670051307,695.26171875,695.26171875
60,0,imagen.jpeg,posprocesamiento,0.07998,0.08299999999994423,103.77594398592677,695.26171875,695.26171875
60,0,imagen.jpeg,total_flujo,234.138717,234.0490000000014,99.96168211684588,695.26171875,695.26171875
61,0,imagen.jpeg,lectura_decodificacion,1.322173,1.3259999999988281,100.28944774994105,695.26171875,695.26171875
61,0,imagen.jpeg,preprocesamiento,2.914875,2.9189999999985616,100.14151550233069,695.26171875,695.26171875
61,0,imagen.jpeg,inferencia_cpp,229.986455,229.8209999999995,99.92805880676732,695.26171875,695.26171875
61,0,imagen.jpeg,posprocesamiento,0.07845,0.08200000000058161,104.52517527161453,695.26171875,695.26171875
61,0,imagen.jpeg,total_flujo,234.844622,234.67500000000007,99.92777267005079,695.26171875,695.26171875
62,0,imagen.jpeg,lectura_decodificacion,1.435843,1.4389999999977476,100.21987083530355,695.26171875,695.26171875
62,0,imagen.jpeg,preprocesamiento,2.774826,2.7780000000022786,100.11438555074366,695.26171875,695.26171875
62,0,imagen.jpeg,inferencia_cpp,218.213274,218.18600000000043,99.98750121864741,695.26171875,695.26171875
62,0,imagen.jpeg,posprocesamiento,0.078817,0.08200000000047059,104.0384688588383,695.26171875,695.26171875
62,0,imagen.jpeg,total_flujo,222.993546,222.96200000000198,99.98585340223343,695.26171875,695.26171875
63,0,imagen.jpeg,lectura_decodificacion,1.362342,1.365000000001837,100.19510519398484,695.26171875,695.26171875
63,0,imagen.jpeg,preprocesamiento,2.767126,2.7709999999991908,100.1400008528412,695.26171875,695.26171875
63,0,imagen.jpeg,inferencia_cpp,227.301588,227.28499999999863,99.99270220672572,695.26171875,695.26171875
63,0,imagen.jpeg,posprocesamiento,0.080296,0.0839999999980856,104.61293214865697,695.26171875,695.26171875
63,0,imagen.jpeg,total_flujo,232.003304,231.9829999999986,99.99124840049632,695.26171875,695.26171875
64,0,imagen.jpeg,lectura_decodificacion,1.372343,1.376000000000488,100.26647856989746,695.26171875,695.26171875
64,0,imagen.jpeg,preprocesamiento,3.114261,3.1190000000020923,100.15217093243284,695.26171875,695.26171875
64,0,imagen.jpeg,inferencia_cpp,234.453053,234.4300000000007,99.99016732787041,695.26171875,695.26171875
64,0,imagen.jpeg,posprocesamiento,0.07074,0.07399999999935236,104.60842521819673,695.26171875,695.26171875
64,0,imagen.jpeg,total_flujo,239.550069,239.52299999999914,99.98870006587188,695.26171875,695.26171875
65,0,imagen.jpeg,lectura_decodificacion,1.315915,1.3189999999971835,100.23443763443562,695.26171875,695.26171875
65,0,imagen.jpeg,preprocesamiento,2.793486,2.798000000003298,100.16159021392258,695.26171875,695.26171875
65,0,imagen.jpeg,inferencia_cpp,239.328441,239.27100000000047,99.97599909155822,695.26171875,695.26171875
65,0,imagen.jpeg,posprocesamiento,0.080207,0.08299999999805685,103.48223970234126,695.26171875,695.26171875
65,0,imagen.jpeg,total_flujo,244.016803,243.95499999999848,99.97467264580074,695.26171875,695.26171875
66,0,imagen.jpeg,lectura_decodificacion,2.120917,2.1270000000015443,100.28680990352495,695.26171875,695.26171875
66,0,imagen.jpeg,preprocesamiento,3.235421,3.215000000000856,99.36883020790357,695.26171875,695.26171875
66,0,imagen.jpeg,inferencia_cpp,234.86356,234.84599999999932,99.9925233186448,695.26171875,695.26171875
66,0,imagen.jpeg,posprocesamiento,0.080468,0.10199999999871423,126.75846298990187,695.26171875,695.26171875
66,0,imagen.jpeg,total_flujo,241.054108,241.0059999999995,99.98004265498743,695.26171875,695.26171875
67,0,imagen.jpeg,lectura_decodificacion,1.365884,1.369999999997762,100.30134330570984,695.26171875,695.26171875
67,0,imagen.jpeg,preprocesamiento,2.834349,2.8390000000015903,100.16409411831748,695.26171875,695.26171875
67,0,imagen.jpeg,inferencia_cpp,222.568777,222.5059999999992,99.97179433663294,695.26171875,695.26171875
67,0,imagen.jpeg,posprocesamiento,0.079798,0.08300000000005525,104.01263189560548,695.26171875,695.26171875
67,0,imagen.jpeg,total_flujo,227.372785,227.30599999999902,99.97062753134638,695.26171875,695.26171875
68,0,imagen.jpeg,lectura_decodificacion,1.511137,1.5169999999997685,100.38798599993042,695.26171875,695.26171875
68,0,imagen.jpeg,preprocesamiento,3.326569,3.3330000000013627,100.19332230900254,695.26171875,695.26171875
68,0,imagen.jpeg,inferencia_cpp,235.126544,235.09399999999803,99.98615894256416,695.26171875,695.26171875
68,0,imagen.jpeg,posprocesamiento,0.078345,0.08099999999799934,103.38885697619419,695.26171875,695.26171875
68,0,imagen.jpeg,total_flujo,240.704635,240.67099999999886,99.98602644273919,695.26171875,695.26171875
69,0,imagen.jpeg,lectura_decodificacion,1.320649,1.322999999999297,100.1780185347732,695.26171875,695.26171875
69,0,imagen.jpeg,preprocesamiento,2.864042,2.8680000000029793,100.13819629750469,695.26171875,695.26171875
69,0,imagen.jpeg,inferencia_cpp,230.522381,230.4920000000017,99.98682080244593,695.26171875,695.26171875
69,0,imagen.jpeg,posprocesamiento,0.079684,0.08300000000005525,104.16143767890071,695.26171875,695.26171875
69,0,imagen.jpeg,total_flujo,235.350628,235.31499999999994,99.98486173574176,695.26171875,695.26171875
70,0,imagen.jpeg,lectura_decodificacion,1.350962,1.353000000001714,100.1508554646033,695.26171875,695.26171875
70,0,imagen.jpeg,preprocesamiento,3.539247,3.544999999999021,100.16254870030323,695.26171875,695.26171875
70,0,imagen.jpeg,inferencia_cpp,233.349107,233.32700000000105,99.99052621187063,695.26171875,695.26171875
70,0,imagen.jpeg,posprocesamiento,0.113913,0.11799999999995148,103.58782579683748,695.26171875,695.26171875
70,0,imagen.jpeg,total_flujo,239.16677,239.13999999999925,99.9888069734768,695.26171875,695.26171875
71,0,imagen.jpeg,lectura_decodificacion,1.404097,1.4070000000007132,100.20675209766229,695.26171875,695.26171875
71,0,imagen.jpeg,preprocesamiento,2.767067,2.7710000000027435,100.1421360596886,695.26171875,695.26171875
71,0,imagen.jpeg,inferencia_cpp,223.352047,223.32700000000162,99.98878586503467,695.26171875,695.26171875
71,0,imagen.jpeg,posprocesamiento,0.078758,0.08100000000299534,102.84669494273007,695.26171875,695.26171875
71,0,imagen.jpeg,total_flujo,228.117776,228.09100000000083,99.9882622036438,695.26171875,695.26171875
72,0,imagen.jpeg,lectura_decodificacion,1.332532,1.3359999999978944,100.26025641394686,695.26171875,695.26171875
72,0,imagen.jpeg,preprocesamiento,2.921554,2.925999999998652,100.15217928536156,695.26171875,695.26171875
72,0,imagen.jpeg,inferencia_cpp,227.694294,227.6710000000023,99.98976961627429,695.26171875,695.26171875
72,0,imagen.jpeg,posprocesamiento,0.070377,0.07299999999843543,103.72706992118935,695.26171875,695.26171875
72,0,imagen.jpeg,total_flujo,232.490423,232.46400000000145,99.98863480066937,695.26171875,695.26171875
73,0,imagen.jpeg,lectura_decodificacion,1.318386,1.3209999999992394,100.19827273645498,695.26171875,695.26171875
73,0,imagen.jpeg,preprocesamiento,2.864924,2.8690000000004545,100.1422725349941,695.26171875,695.26171875
73,0,imagen.jpeg,inferencia_cpp,228.799598,228.77500000000182,99.98924910698568,695.26171875,695.26171875
73,0,imagen.jpeg,posprocesamiento,0.076641,0.0800000000005241,104.38277162422736,695.26171875,695.26171875
73,0,imagen.jpeg,total_flujo,233.57941,233.55200000000087,99.98826523279637,695.26171875,695.26171875
74,0,imagen.jpeg,lectura_decodificacion,1.261625,1.2639999999990437,100.18824928160457,695.26171875,695.26171875
74,0,imagen.jpeg,preprocesamiento,2.735764,2.7399999999992986,100.15483791728009,695.26171875,695.26171875
74,0,imagen.jpeg,inferencia_cpp,225.85136,225.77699999999857,99.9670756908431,695.26171875,695.26171875
74,0,imagen.jpeg,posprocesamiento,0.080172,0.08400000000108321,104.77473432256052,695.26171875,695.26171875
74,0,imagen.jpeg,total_flujo,230.414185,230.33700000000002,99.96650162836112,695.26171875,695.26171875
75,0,imagen.jpeg,lectura_decodificacion,1.363253,1.3660000000008665,100.20150331602912,695.26171875,695.26171875
75,0,imagen.jpeg,preprocesamiento,3.019509,3.0239999999999156,100.14873279065952,695.26171875,695.26171875
75,0,imagen.jpeg,inferencia_cpp,225.400651,225.2319999999989,99.92517723473605,695.26171875,695.26171875
75,0,imagen.jpeg,posprocesamiento,0.124357,0.12900000000060086,103.73360566803707,695.26171875,695.26171875
75,0,imagen.jpeg,total_flujo,230.478934,230.30599999999978,99.9249675460577,695.26171875,695.26171875
76,0,imagen.jpeg,lectura_decodificacion,1.357522,1.3629999999976716,100.40352937172817,695.26171875,695.26171875
76,0,imagen.jpeg,preprocesamiento,2.795205,2.799999999997027,100.17154376859754,695.26171875,695.26171875
76,0,imagen.jpeg,inferencia_cpp,223.953475,223.8300000000012,99.94486578071682,695.26171875,695.26171875
76,0,imagen.jpeg,posprocesamiento,0.080486,0.08400000000108321,104.36597669294437,695.26171875,695.26171875
76,0,imagen.jpeg,total_flujo,228.761973,228.63500000000013,99.94449558275149,695.26171875,695.26171875
77,0,imagen.jpeg,lectura_decodificacion,1.352973,1.3550000000019935,100.14981821529281,695.26171875,695.26171875
77,0,imagen.jpeg,preprocesamiento,2.87557,2.879999999997551,100.15405641307814,695.26171875,695.26171875
77,0,imagen.jpeg,inferencia_cpp,220.097124,219.97199999999984,99.94315055202621,695.26171875,695.26171875
77,0,imagen.jpeg,posprocesamiento,0.080175,0.08299999999805685,103.52354224890159,695.26171875,695.26171875
77,0,imagen.jpeg,total_flujo,224.917707,224.78899999999956,99.9427759593866,695.26171875,695.26171875
78,0,imagen.jpeg,lectura_decodificacion,1.321305,1.322999999999297,100.12828226634252,695.26171875,695.26171875
78,0,imagen.jpeg,preprocesamiento,2.784569,2.788000000002455,100.12321475971525,695.26171875,695.26171875
78,0,imagen.jpeg,inferencia_cpp,221.770025,221.6369999999991,99.94001669071332,695.26171875,695.26171875
78,0,imagen.jpeg,posprocesamiento,0.092717,0.09499999999995623,102.46233161119993,695.26171875,695.26171875
78,0,imagen.jpeg,total_flujo,226.472382,226.33500000000163,99.93933829865472,695.26171875,695.26171875
79,0,imagen.jpeg,lectura_decodificacion,1.588198,1.5940000000007615,100.36531968940658,695.26171875,695.26171875
79,0,imagen.jpeg,preprocesamiento,3.617527,3.626000000000573,100.23422078122908,695.26171875,695.26171875
79,0,imagen.jpeg,inferencia_cpp,265.95259,265.81400000000076,99.94788920837385,695.26171875,695.26171875
79,0,imagen.jpeg,posprocesamiento,0.110158,0.11500000000141952,104.39550464008018,695.26171875,695.26171875
79,0,imagen.jpeg,total_flujo,272.09407,271.95100000000105,99.94741892022897,695.26171875,695.26171875
80,0,imagen.jpeg,lectura_decodificacion,1.766674,1.7739999999974998,100.41467752383856,695.26171875,695.26171875
80,0,imagen.jpeg,preprocesamiento,3.3176,3.324999999999134,100.22305280923361,695.26171875,695.26171875
80,0,imagen.jpeg,inferencia_cpp,271.056736,270.8900000000002,99.93848667903985,695.26171875,695.26171875
80,0,imagen.jpeg,posprocesamiento,0.087776,0.09099999999762076,103.67298577927994,695.26171875,695.26171875
80,0,imagen.jpeg,total_flujo,276.896944,276.7290000000022,99.93934783187862,695.26171875,695.26171875
81,0,imagen.jpeg,lectura_decodificacion,1.410542,1.4140000000004704,100.24515399048525,695.26171875,695.26171875
81,0,imagen.jpeg,preprocesamiento,3.122224,3.1280000000002417,100.18499633595289,695.26171875,695.26171875
81,0,imagen.jpeg,inferencia_cpp,290.17156,289.93800000000005,99.91950968592512,695.26171875,695.26171875
81,0,imagen.jpeg,posprocesamiento,0.09433,0.09700000000167908,102.8304887116284,695.26171875,695.26171875
81,0,imagen.jpeg,total_flujo,295.506439,295.2639999999984,99.91795813288468,695.26171875,695.26171875
82,0,imagen.jpeg,lectura_decodificacion,1.323288,1.3270000000018545,100.28051338800431,695.26171875,695.26171875
82,0,imagen.jpeg,preprocesamiento,2.902676,2.852000000000743,98.25416271057269,695.26171875,695.26171875
82,0,imagen.jpeg,inferencia_cpp,224.036816,223.80599999999927,99.89697407590334,695.26171875,695.26171875
82,0,imagen.jpeg,posprocesamiento,0.078113,0.0800000000005241,102.41573105696119,695.26171875,695.26171875
82,0,imagen.jpeg,total_flujo,228.849525,228.56299999999962,99.87479764268666,695.26171875,695.26171875
83,0,imagen.jpeg,lectura_decodificacion,1.291105,1.2940000000012386,100.224226534731,695.26171875,695.26171875
83,0,imagen.jpeg,preprocesamiento,2.81201,2.8159999999992635,100.14189138727329,695.26171875,695.26171875
83,0,imagen.jpeg,inferencia_cpp,231.302537,231.18300000000002,99.94832006533505,695.26171875,695.26171875
83,0,imagen.jpeg,posprocesamiento,0.077444,0.08099999999944263,104.59170497319693,695.26171875,695.26171875
83,0,imagen.jpeg,total_flujo,235.97508,235.85299999999987,99.94826572365179,695.26171875,695.26171875
84,0,imagen.jpeg,lectura_decodificacion,1.398435,1.4009999999977651,100.18341932215405,695.26171875,695.26171875
84,0,imagen.jpeg,preprocesamiento,2.988552,2.9940000000010514,100.18229564019805,695.26171875,695.26171875
84,0,imagen.jpeg,inferencia_cpp,233.580238,233.43399999999903,99.93739282002059,695.26171875,695.26171875
84,0,imagen.jpeg,posprocesamiento,0.072533,0.07500000000038032,103.4012104840284,695.26171875,695.26171875
84,0,imagen.jpeg,total_flujo,238.576341,238.42699999999783,99.93740326497748,695.26171875,695.26171875
85,0,imagen.jpeg,lectura_decodificacion,1.274556,1.2780000000022218,100.2702117444994,695.26171875,695.26171875
85,0,imagen.jpeg,preprocesamiento,2.965316,2.9710000000022774,100.19168277520093,695.26171875,695.26171875
85,0,imagen.jpeg,inferencia_cpp,241.161353,241.02599999999853,99.94387450629311,695.26171875,695.26171875
85,0,imagen.jpeg,posprocesamiento,0.082465,0.08500000000011276,103.07403140740043,695.26171875,695.26171875
85,0,imagen.jpeg,total_flujo,246.054676,245.91699999999838,99.94404658255645,695.26171875,695.26171875
86,0,imagen.jpeg,lectura_decodificacion,1.349226,1.3510000000016564,100.13148279099694,695.26171875,695.26171875
86,0,imagen.jpeg,preprocesamiento,2.830485,2.834000000000003,100.1241836646371,695.26171875,695.26171875
86,0,imagen.jpeg,inferencia_cpp,238.538651,238.39799999999934,99.94103638994729,695.26171875,695.26171875
86,0,imagen.jpeg,posprocesamiento,0.08117,0.08500000000011276,104.71849205385334,695.26171875,695.26171875
86,0,imagen.jpeg,total_flujo,243.307946,243.1630000000007,99.94042693533761,695.26171875,695.26171875
87,0,imagen.jpeg,lectura_decodificacion,1.327668,1.3309999999988609,100.25096635596104,695.26171875,695.26171875
87,0,imagen.jpeg,preprocesamiento,2.871922,2.87699999999802,100.17681538697848,695.26171875,695.26171875
87,0,imagen.jpeg,inferencia_cpp,228.784194,228.67599999999823,99.9527091456319,695.26171875,695.26171875
87,0,imagen.jpeg,posprocesamiento,0.078897,0.08100000000055285,102.66550059007676,695.26171875,695.26171875
87,0,imagen.jpeg,total_flujo,233.58002,233.47000000000108,99.9528983686195,695.26171875,695.26171875
88,0,imagen.jpeg,lectura_decodificacion,1.333653,1.3360000000020023,100.17598280827188,695.26171875,695.26171875
88,0,imagen.jpeg,preprocesamiento,2.771968,2.7749999999986397,100.10938077202333,695.26171875,695.26171875
88,0,imagen.jpeg,inferencia_cpp,225.870647,225.7129999999995,99.93020474236279,695.26171875,695.26171875
88,0,imagen.jpeg,posprocesamiento,0.076795,0.0800000000005241,104.17344879292153,695.26171875,695.26171875
88,0,imagen.jpeg,total_flujo,230.560476,230.39900000000145,99.92996371156062,695.26171875,695.26171875
89,0,imagen.jpeg,lectura_decodificacion,1.29099,1.2960000000000749,100.38807426859037,695.26171875,695.26171875
89,0,imagen.jpeg,preprocesamiento,2.852404,2.85700000000233,100.16112724573132,695.26171875,695.26171875
89,0,imagen.jpeg,inferencia_cpp,230.972075,230.8440000000025,99.94454957379696,695.26171875,695.26171875
89,0,imagen.jpeg,posprocesamiento,0.077051,0.08000000000196739,103.82733514421278,695.26171875,695.26171875
89,0,imagen.jpeg,total_flujo,235.732307,235.60100000000028,99.94429825861768,695.26171875,695.26171875
90,0,imagen.jpeg,lectura_decodificacion,1.283987,1.2870000000008153,100.23465969677382,695.26171875,695.26171875
90,0,imagen.jpeg,preprocesamiento,2.831183,2.835000000001031,100.13481996751999,695.26171875,695.26171875
90,0,imagen.jpeg,inferencia_cpp,233.907681,233.7440000000005,99.93002324707777,695.26171875,695.26171875
90,0,imagen.jpeg,posprocesamiento,0.069759,0.07300000000043383,104.64599549941057,695.26171875,695.26171875
90,0,imagen.jpeg,total_flujo,238.617857,238.4519999999972,99.93049262863727,695.26171875,695.26171875
91,0,imagen.jpeg,lectura_decodificacion,1.25497,1.2580000000015357,100.24144003454552,695.26171875,695.26171875
91,0,imagen.jpeg,preprocesamiento,3.021449,3.0269999999984476,100.18371979796606,695.26171875,695.26171875
91,0,imagen.jpeg,inferencia_cpp,228.069051,227.97599999999895,99.95920051423326,695.26171875,695.26171875
91,0,imagen.jpeg,posprocesamiento,0.084851,0.08700000000061436,102.53267492500308,695.26171875,695.26171875
91,0,imagen.jpeg,total_flujo,232.985114,232.88900000000123,99.95874672061719,695.26171875,695.26171875
92,0,imagen.jpeg,lectura_decodificacion,1.407971,1.4119999999984145,100.28615646191679,695.26171875,695.26171875
92,0,imagen.jpeg,preprocesamiento,2.927989,2.932000000001267,100.13698821960283,695.26171875,695.26171875
92,0,imagen.jpeg,inferencia_cpp,230.586697,230.43300000000156,99.93334524411075,695.26171875,695.26171875
92,0,imagen.jpeg,posprocesamiento,0.125968,0.12899999999804734,102.40696049635412,695.26171875,695.26171875
92,0,imagen.jpeg,total_flujo,235.635434,235.47799999999995,99.93318746789159,695.26171875,695.26171875
93,0,imagen.jpeg,lectura_decodificacion,1.324068,1.3260000000018257,100.14591395621869,695.26171875,695.26171875
93,0,imagen.jpeg,preprocesamiento,2.79291,2.7960000000000207,100.11063729228728,695.26171875,695.26171875
93,0,imagen.jpeg,inferencia_cpp,227.305348,227.21900000000116,99.96201233241601,695.26171875,695.26171875
93,0,imagen.jpeg,posprocesamiento,0.084592,0.08799999999964392,104.02874976315009,695.26171875,695.26171875
93,0,imagen.jpeg,total_flujo,232.025672,231.93500000000046,99.96092156561042,695.26171875,695.26171875
94,0,imagen.jpeg,lectura_decodificacion,1.426641,1.430999999999072,100.30554288002882,695.26171875,695.26171875
94,0,imagen.jpeg,preprocesamiento,2.895139,2.899999999996794,100.16790212824995,695.26171875,695.26171875
94,0,imagen.jpeg,inferencia_cpp,229.87073,229.65400000000002,99.9057165738326,695.26171875,695.26171875
94,0,imagen.jpeg,posprocesamiento,0.088878,0.09199999999864872,103.51268030181679,695.26171875,695.26171875
94,0,imagen.jpeg,total_flujo,234.830453,234.61000000000087,99.90612248233447,695.26171875,695.26171875
95,0,imagen.jpeg,lectura_decodificacion,1.41777,1.3880000000021653,97.90022359072101,695.26171875,695.26171875
95,0,imagen.jpeg,preprocesamiento,2.862488,2.8599999999983083,99.91308260500335,695.26171875,695.26171875
95,0,imagen.jpeg,inferencia_cpp,221.323859,221.29999999999916,99.98921986987366,695.26171875,695.26171875
95,0,imagen.jpeg,posprocesamiento,0.084466,0.08700000000061436,103.00002367889371,695.26171875,695.26171875
95,0,imagen.jpeg,total_flujo,226.208712,226.14200000000218,99.97050865132117,695.26171875,695.26171875
96,0,imagen.jpeg,lectura_decodificacion,1.346694,1.3489999999976021,100.17123414803972,695.26171875,695.26171875
96,0,imagen.jpeg,preprocesamiento,2.809539,2.8129999999997324,100.12318746953619,695.26171875,695.26171875
96,0,imagen.jpeg,inferencia_cpp,218.807747,218.79100000000017,99.99234624905678,695.26171875,695.26171875
96,0,imagen.jpeg,posprocesamiento,0.081559,0.08500000000000174,104.21903162128243,695.26171875,695.26171875
96,0,imagen.jpeg,total_flujo,223.545497,223.52500000000276,99.99083094928221,695.26171875,695.26171875
97,0,imagen.jpeg,lectura_decodificacion,1.396932,1.4000000000022883,100.21962414793907,695.26171875,695.26171875
97,0,imagen.jpeg,preprocesamiento,2.807682,2.811000000001229,100.11817577636033,695.26171875,695.26171875
97,0,imagen.jpeg,inferencia_cpp,230.088631,230.07100000000025,99.99233730066405,695.26171875,695.26171875
97,0,imagen.jpeg,posprocesamiento,0.077667,0.08100000000155205,104.29139789299452,695.26171875,695.26171875
97,0,imagen.jpeg,total_flujo,234.873536,234.85200000000083,99.99083081033056,695.26171875,695.26171875
98,0,imagen.jpeg,lectura_decodificacion,1.29794,1.301000000001551,100.23575820157718,695.26171875,695.26171875
98,0,imagen.jpeg,preprocesamiento,2.810758,2.8149999999982356,100.15092014318685,695.26171875,695.26171875
98,0,imagen.jpeg,inferencia_cpp,224.537129,224.49600000000058,99.98168276214157,695.26171875,695.26171875
98,0,imagen.jpeg,posprocesamiento,0.08338,0.08599999999958641,103.14224034491055,695.26171875,695.26171875
98,0,imagen.jpeg,total_flujo,229.280549,229.23500000000175,99.98013394498709,695.26171875,695.26171875
99,0,imagen.jpeg,lectura_decodificacion,1.421224,1.4250000000011198,100.26568647877602,695.26171875,695.26171875
99,0,imagen.jpeg,preprocesamiento,3.159773,3.1649999999991962,100.16542327563393,695.26171875,695.26171875
99,0,imagen.jpeg,inferencia_cpp,226.035525,226.0040000000003,99.98605307727637,695.26171875,695.26171875
99,0,imagen.jpeg,posprocesamiento,0.080608,0.08400000000108321,104.20801905652442,695.26171875,695.26171875
99,0,imagen.jpeg,total_flujo,231.259204,231.22499999999812,99.9852096697514,695.26171875,695.26171875
100,0,imagen.jpeg,lectura_decodificacion,1.359242,1.3620000000003074,100.20290720859916,695.26171875,695.26171875
100,0,imagen.jpeg,preprocesamiento,2.807693,2.8119999999987044,100.15339996212921,695.26171875,695.26171875
100,0,imagen.jpeg,inferencia_cpp,225.594225,225.57699999999858,99.9923646095101,695.26171875,695.26171875
100,0,imagen.jpeg,posprocesamiento,0.077403,0.07999999999841467,103.35516711033767,695.26171875,695.26171875
100,0,imagen.jpeg,total_flujo,230.309802,230.29000000000087,99.99140201596842,695.26171875,695.26171875
101,0,imagen.jpeg,lectura_decodificacion,1.338637,1.3409999999994815,100.17652283624922,695.26171875,695.26171875
101,0,imagen.jpeg,preprocesamiento,2.785641,2.7900000000009584,100.15648103976638,695.26171875,695.26171875
101,0,imagen.jpeg,inferencia_cpp,232.764574,232.7460000000009,99.99202026335884,695.26171875,695.26171875
101,0,imagen.jpeg,posprocesamiento,0.069924,0.07200000000195939,102.96893770659486,695.26171875,695.26171875
101,0,imagen.jpeg,total_flujo,237.435588,237.41399999999945,99.99090784992157,695.26171875,695.26171875
102,0,imagen.jpeg,lectura_decodificacion,1.274349,1.2769999999997506,100.2080277851476,695.26171875,695.26171875
102,0,imagen.jpeg,preprocesamiento,2.835591,2.8389999999980375,100.12022185138963,695.26171875,695.26171875
102,0,imagen.jpeg,inferencia_cpp,230.773839,230.757000000001,99.99270324570931,695.26171875,695.26171875
102,0,imagen.jpeg,posprocesamiento,0.084479,0.08799999999964392,104.1678997143005,695.26171875,695.26171875
102,0,imagen.jpeg,total_flujo,235.51097,235.49000000000098,99.99109595616756,695.26171875,695.26171875
103,0,imagen.jpeg,lectura_decodificacion,1.479575,1.484000000001373,100.29907236884733,695.26171875,695.26171875
103,0,imagen.jpeg,preprocesamiento,2.956979,2.931000000000239,99.12143440992442,695.26171875,695.26171875
103,0,imagen.jpeg,inferencia_cpp,238.125229,238.10700000000185,99.99234478426554,695.26171875,695.26171875
103,0,imagen.jpeg,posprocesamiento,0.083788,0.08700000000205765,103.83348451097729,695.26171875,695.26171875
103,0,imagen.jpeg,total_flujo,243.215062,243.16500000000096,99.9794165708376,695.26171875,695.26171875
104,0,imagen.jpeg,lectura_decodificacion,1.455778,1.4600000000015712,100.29001674716689,695.26171875,695.26171875
104,0,imagen.jpeg,preprocesamiento,3.115702,3.1199999999991235,100.13794644029254,695.26171875,695.26171875
104,0,imagen.jpeg,inferencia_cpp,236.971713,236.93399999999863,99.9840854422986,695.26171875,695.26171875
104,0,imagen.jpeg,posprocesamiento,0.07149,0.07400000000046258,103.51098055736828,695.26171875,695.26171875
104,0,imagen.jpeg,total_flujo,242.169522,242.12700000000032,99.98244122561398,695.26171875,695.26171875
105,0,imagen.jpeg,lectura_decodificacion,1.333282,1.3359999999965622,100.20385784826931,695.26171875,695.26171875
105,0,imagen.jpeg,preprocesamiento,2.888669,2.8919999999992285,100.1153126231918,695.26171875,695.26171875
105,0,imagen.jpeg,inferencia_cpp,233.420659,233.4029999999988,99.9924346884818,695.26171875,695.26171875
105,0,imagen.jpeg,posprocesamiento,0.102203,0.10599999999882925,103.71515513128699,695.26171875,695.26171875
105,0,imagen.jpeg,total_flujo,238.260671,238.23999999999756,99.99132420809708,695.26171875,695.26171875
106,0,imagen.jpeg,lectura_decodificacion,1.430459,1.4359999999996598,100.38735818360819,695.26171875,695.26171875
106,0,imagen.jpeg,preprocesamiento,3.574151,3.5799999999994725,100.16364725495572,695.26171875,695.26171875
106,0,imagen.jpeg,inferencia_cpp,231.435936,231.41899999999993,99.99268220817702,695.26171875,695.26171875
106,0,imagen.jpeg,posprocesamiento,0.078361,0.08099999999955365,103.3677467101666,695.26171875,695.26171875
106,0,imagen.jpeg,total_flujo,237.132758,237.11199999999766,99.99124625371147,695.26171875,695.26171875
107,0,imagen.jpeg,lectura_decodificacion,1.400733,1.404000000000849,100.23323502772114,695.26171875,695.26171875
107,0,imagen.jpeg,preprocesamiento,2.822654,2.825999999998885,100.11854091925134,695.26171875,695.26171875
107,0,imagen.jpeg,inferencia_cpp,226.098234,226.0519999999997,99.97955136615518,695.26171875,695.26171875
107,0,imagen.jpeg,posprocesamiento,0.077334,0.0799999999985257,103.4473840723688,695.26171875,695.26171875
107,0,imagen.jpeg,total_flujo,230.889626,230.84000000000106,99.97850661337252,695.26171875,695.26171875
108,0,imagen.jpeg,lectura_decodificacion,1.411795,1.4180000000010295,100.4395114022241,695.26171875,695.26171875
108,0,imagen.jpeg,preprocesamiento,2.837942,2.8420000000004553,100.14299094204375,695.26171875,695.26171875
108,0,imagen.jpeg,inferencia_cpp,224.816273,224.79500000000064,99.99053760667968,695.26171875,695.26171875
108,0,imagen.jpeg,posprocesamiento,0.083922,0.08800000000164232,104.85927408980044,695.26171875,695.26171875
108,0,imagen.jpeg,total_flujo,229.692292,229.6659999999978,99.98855338166847,695.26171875,695.26171875
109,0,imagen.jpeg,lectura_decodificacion,1.687701,1.6920000000020252,100.25472521507218,695.26171875,695.26171875
109,0,imagen.jpeg,preprocesamiento,4.281192,4.287999999998959,100.15902113240797,695.26171875,695.26171875
109,0,imagen.jpeg,inferencia_cpp,235.065979,235.04899999999827,99.99277692158007,695.26171875,695.26171875
109,0,imagen.jpeg,posprocesamiento,0.078556,0.08099999999955365,103.11115637195587,695.26171875,695.26171875
109,0,imagen.jpeg,total_flujo,241.745483,241.72399999999848,99.99111338100927,695.26171875,695.26171875
110,0,imagen.jpeg,lectura_decodificacion,1.362575,1.3659999999973138,100.2513623101344,695.26171875,695.26171875
110,0,imagen.jpeg,preprocesamiento,2.816792,2.8210000000002955,100.14938980231041,695.26171875,695.26171875
110,0,imagen.jpeg,inferencia_cpp,226.172241,226.15499999999633,99.99237704860356,695.26171875,695.26171875
110,0,imagen.jpeg,posprocesamiento,0.08319,0.0860000000010297,103.37780983415037,695.26171875,695.26171875
110,0,imagen.jpeg,total_flujo,230.920346,230.89999999999898,99.99118916961912,695.26171875,695.26171875
111,0,imagen.jpeg,lectura_decodificacion,1.354136,1.3569999999946125,100.21150017388302,695.26171875,695.26171875
111,0,imagen.jpeg,preprocesamiento,2.886089,2.8800000000046566,99.78902244541511,695.26171875,695.26171875
111,0,imagen.jpeg,inferencia_cpp,228.490244,228.45100000000295,99.9828246496174,695.26171875,695.26171875
111,0,imagen.jpeg,posprocesamiento,0.094496,0.09699999999457365,102.64984760685495,695.26171875,695.26171875
111,0,imagen.jpeg,total_flujo,233.329697,233.27499999999958,99.97655806324539,695.26171875,695.26171875
112,0,imagen.jpeg,lectura_decodificacion,1.362139,1.3650000000028362,100.21003730183456,695.26171875,695.26171875
112,0,imagen.jpeg,preprocesamiento,2.860928,2.8649999999998954,100.14233143930555,695.26171875,695.26171875
112,0,imagen.jpeg,inferencia_cpp,238.410883,238.38199999999955,99.98788520069343,695.26171875,695.26171875
112,0,imagen.jpeg,posprocesamiento,0.11558,0.12100000000048183,104.68939262889931,695.26171875,695.26171875
112,0,imagen.jpeg,total_flujo,243.37384,243.33999999999943,99.98609546531354,695.26171875,695.26171875
113,0,imagen.jpeg,lectura_decodificacion,1.487235,1.4930000000035193,100.3876320825908,695.26171875,695.26171875
113,0,imagen.jpeg,preprocesamiento,2.999176,3.002999999999645,100.12750168711823,695.26171875,695.26171875
113,0,imagen.jpeg,inferencia_cpp,230.488859,230.44600000000204,99.98140517499029,695.26171875,695.26171875
113,0,imagen.jpeg,posprocesamiento,0.079641,0.08300000000160956,104.21767682677209,695.26171875,695.26171875
113,0,imagen.jpeg,total_flujo,235.645858,235.60199999999776,99.98138817275445,695.26171875,695.26171875
114,0,imagen.jpeg,lectura_decodificacion,1.356537,1.3599999999982515,100.25528238435453,695.26171875,695.26171875
114,0,imagen.jpeg,preprocesamiento,2.81662,2.8199999999998226,100.12000198819233,695.26171875,695.26171875
114,0,imagen.jpeg,inferencia_cpp,226.497163,226.47999999999914,99.99242242164381,695.26171875,695.26171875
114,0,imagen.jpeg,posprocesamiento,0.075851,0.07800000000446339,102.83318612076754,695.26171875,695.26171875
114,0,imagen.jpeg,total_flujo,231.22792,231.2070000000026,99.99095264966384,695.26171875,695.26171875
115,0,imagen.jpeg,lectura_decodificacion,1.281962,1.2850000000028672,100.23698050354591,695.26171875,695.26171875
115,0,imagen.jpeg,preprocesamiento,2.778536,2.781999999998841,100.12466997004326,695.26171875,695.26171875
115,0,imagen.jpeg,inferencia_cpp,229.238996,229.21499999999872,99.98953232197839,695.26171875,695.26171875
115,0,imagen.jpeg,posprocesamiento,0.080155,0.08299999999450414,103.54937308278228,695.26171875,695.26171875
115,0,imagen.jpeg,total_flujo,233.866474,233.83900000000457,99.98825227082551,695.26171875,695.26171875
116,0,imagen.jpeg,lectura_decodificacion,1.355247,1.3579999999945302,100.20313640203817,695.26171875,695.26171875
116,0,imagen.jpeg,preprocesamiento,2.902512,2.907000000000437,100.15462468373728,695.26171875,695.26171875
116,0,imagen.jpeg,inferencia_cpp,223.161059,223.13799999999873,99.9896671040617,695.26171875,695.26171875
116,0,imagen.jpeg,posprocesamiento,0.078223,0.08099999999944263,103.55010674538515,695.26171875,695.26171875
116,0,imagen.jpeg,total_flujo,227.978471,227.95100000000167,99.98795017798047,695.26171875,695.26171875
117,0,imagen.jpeg,lectura_decodificacion,1.344604,1.3470000000056492,100.17819372883388,695.26171875,695.26171875
117,0,imagen.jpeg,preprocesamiento,2.804215,2.8069999999971174,100.09931478139576,695.26171875,695.26171875
117,0,imagen.jpeg,inferencia_cpp,219.350421,219.297999999996,99.97610170987362,695.26171875,695.26171875
117,0,imagen.jpeg,posprocesamiento,0.078438,0.08099999999444663,103.26627399276707,695.26171875,695.26171875
117,0,imagen.jpeg,total_flujo,224.090996,224.03600000000012,99.9754581839603,695.26171875,695.26171875
118,0,imagen.jpeg,lectura_decodificacion,1.343744,1.3449999999947115,100.09347018440354,695.26171875,695.26171875
118,0,imagen.jpeg,preprocesamiento,2.796454,2.80000000000058,100.12680344466884,695.26171875,695.26171875
118,0,imagen.jpeg,inferencia_cpp,216.803978,216.78700000000273,99.99216896287886,695.26171875,695.26171875
118,0,imagen.jpeg,posprocesamiento,0.078199,0.0799999999995249,102.3030985044884,695.26171875,695.26171875
118,0,imagen.jpeg,total_flujo,221.490624,221.47099999999932,99.99114003128156,695.26171875,695.26171875
119,0,imagen.jpeg,lectura_decodificacion,1.331824,1.3340000000003904,100.16338495179471,695.26171875,695.26171875
119,0,imagen.jpeg,preprocesamiento,2.791981,2.7949999999989927,100.108131108306,695.26171875,695.26171875
119,0,imagen.jpeg,inferencia_cpp,233.070324,233.05500000000268,99.99342516038323,695.26171875,695.26171875
119,0,imagen.jpeg,posprocesamiento,0.113996,0.11899999999798183,104.38962770446491,695.26171875,695.26171875
119,0,imagen.jpeg,total_flujo,237.887271,237.86599999999768,99.99105836982665,695.26171875,695.26171875
120,0,imagen.jpeg,lectura_decodificacion,1.739463,1.7470000000017194,100.4332946433307,695.26171875,695.26171875
120,0,imagen.jpeg,preprocesamiento,3.372532,3.378999999995358,100.19178468863625,695.26171875,695.26171875
120,0,imagen.jpeg,inferencia_cpp,247.699794,247.66499999999914,99.98595315747382,695.26171875,695.26171875
120,0,imagen.jpeg,posprocesamiento,0.070504,0.0740000000030161,104.95858391441067,695.26171875,695.26171875
120,0,imagen.jpeg,total_flujo,253.534745,253.50000000000006,99.98629576391988,695.26171875,695.26171875
